DELETE FROM UserMontgolfiereSession;
DELETE FROM MontgolfiereSessionSlot;
DELETE FROM Montgolfiere;
DELETE FROM MontgolfiereReservationSlot;
DELETE FROM MontgolfiereReservationApp;
DELETE FROM UserKartingReservation;
DELETE FROM KartingSessionSlot;
DELETE FROM KartingCircuit;
DELETE FROM Karting;
DELETE FROM FormulaireEcurie;
DELETE FROM Ecurie;
DELETE FROM TicketBilletteriePersonnes;
DELETE FROM TicketBilletterieForfaits;
DELETE FROM Tickets;
DELETE FROM BilletteriePersonnes;
DELETE FROM BilletterieForfaits;
DELETE FROM BilletterieCategories;
DELETE FROM Billetteries;
DELETE FROM Point;
DELETE FROM Shape;
DELETE FROM UserOrderArticle;
DELETE FROM UserOrder;
DELETE FROM BoutiqueArticles;
DELETE FROM BoutiqueCategory;
DELETE FROM Boutique;
DELETE FROM PrestataireLink;
DELETE FROM Prestataire;
DELETE FROM Admin;
DELETE FROM User;

INSERT INTO User (`id`, `email`, `first_name`, `last_name`, `password`)
               VALUES('e052f135-13db-4a0d-aa15-f9bffac00359', 'test@gmail.com', 'Test', 'Family', '$2y$10$UwdnOZGp863rcdvYvpkiKOB5Cc3DCt3LtYHvIILE4eWqOGINTgiQO'),('e752b8f4-a2a5-46d4-84dc-1cc5d54a43ff', 'test@test.com', 'Test', 't', '$2a$10$/1XMkYyXXwxTUlxJtkULu.GNzj.2fztjlrHfjiWxOhgo45KLf/ney'),('f4f434b3-f256-484b-8935-29e13126c9e8', 'carla@gmail.com', 'Carla', 'Wilson', '$2y$10$UwdnOZGp863rcdvYvpkiKOB5Cc3DCt3LtYHvIILE4eWqOGINTgiQO');
INSERT INTO Admin (`admin_id`, `name`, `password`)
               VALUES(1, 'max', '$2y$10$tGQso6tm1fKzqcJyDarjbOLs9sWVYsJmv42537Kt3p7Rn.uiD3Oja'),(3, 'max', '$2y$10$tGQso6tm1fKzqcJyDarjbOLs9sWVYsJmv42537Kt3p7Rn.uiD3Oja'),(4, 'max', '$2y$10$tGQso6tm1fKzqcJyDarjbOLs9sWVYsJmv42537Kt3p7Rn.uiD3Oja'),(5, 'max', '$2y$10$tGQso6tm1fKzqcJyDarjbOLs9sWVYsJmv42537Kt3p7Rn.uiD3Oja'),(6, 'max', '$2y$10$tGQso6tm1fKzqcJyDarjbOLs9sWVYsJmv42537Kt3p7Rn.uiD3Oja'),(7, 'max', '$2y$10$tGQso6tm1fKzqcJyDarjbOLs9sWVYsJmv42537Kt3p7Rn.uiD3Oja'),(8, 'max', '$2y$10$tGQso6tm1fKzqcJyDarjbOLs9sWVYsJmv42537Kt3p7Rn.uiD3Oja');
INSERT INTO Prestataire (`id`, `icon`, `password`, `description`, `name`, `referencer`, `email`, `accentColor`, `banner`)
               VALUES('0b7956e6-1262-49f7-aaab-c5ab60d16cba', '/public/prestataires_icons/codeky_presta.jpg', '$2a$10$eMcDHdcnvFWXlBiEYcKAy.9T9k7DrWXtkepZytO6Z9aLsisubKDYa', NULL, 'Codeky', 'codeky', 'codeky@codeky.com', NULL, NULL),('255da203-781d-4e50-924f-0423638cdb68', '/public/prestataires_icons/montgol_presta.jpg', '$2y$10$GhHncEKGwYMsbC72aLNae..OUpuvCn.a7Tvyq8VkCWn7r5UNXgRim', NULL, 'Mongman', 'mongman', '24hmans@gmail.com', NULL, NULL),('45309281-fc24-4e02-ad47-a275c64f5327', '/public/prestataires_icons/porsche_presta.png', '$2a$10$Jfw2HzNUl/FQk.30LkQJhOa1W3rr1RDT7KUOmTVbN.ucf44w3PlEK', '<p>&nbsp;</p>
<table style="border-collapse: collapse; width: 99.977%;" border="1">
<tbody>
<tr>
<td style="width: 39.4907%;">
<h1><strong>Lh&eacute;ritage de la course</strong></h1>
Porsche et les 24 Heures du Mans : une histoire damour qui dure depuis des d&eacute;cennies. De la l&eacute;gendaire 917 &agrave; la derni&egrave;re Hypercar, Porsche a toujours repouss&eacute; les limites de la performance et de lendurance sur ce circuit mythique. Venez vivre l&eacute;motion de la course et d&eacute;couvrez notre passion pour lexcellence.</td>
<td style="width: 2.17895%;">&nbsp;</td>
<td style="width: 58.3203%;"><img style="display: block; margin-left: auto; margin-right: auto;" src="https://www.flat6mag.com/medias/images/porsche-911-rsr-24h-du-mans-2021-7-.jpg" alt="porsche-911-rsr-24h-du-mans-2021-7" width="489" height="326" /></td>
</tr>
</tbody>
</table>
<p data-sourcepos="5:1-5:315">&nbsp;</p>
<table style="border-collapse: collapse; width: 99.977%;" border="1">
<tbody>
<tr>
<td style="width: 45.5519%;"><img style="display: block; margin-left: auto; margin-right: auto;" src="https://www.lemans.org/media/cache/component_photo_1600/assets/fileuploads/64/84/6484fed1bdab4.jpg" alt="" width="514" height="343" /></td>
<td style="width: 2.24381%;">&nbsp;</td>
<td style="width: 52.1942%;">
<h1 data-sourcepos="7:1-7:47"><strong>LExp&eacute;rience Porsche au Mans</strong></h1>
Plongez au c&oelig;ur de laction avec Porsche ! Visitez nos &eacute;curies et d&eacute;couvrez les coulisses de la course, o&ugrave; ing&eacute;nieurs et m&eacute;caniciens travaillent sans rel&acirc;che pour optimiser la performance de nos bolides. Notre boutique officielle vous propose une gamme exclusive de produits d&eacute;riv&eacute;s pour emporter un morceau de la l&eacute;gende avec vous.</td>
</tr>
</tbody>
</table>
<p data-sourcepos="11:1-11:49">&nbsp;</p>
<table style="border-collapse: collapse; width: 99.977%;" border="1">
<tbody>
<tr>
<td style="width: 39.5128%;">
<h1 data-sourcepos="11:1-11:49"><strong>La Boutique Officielle Porsche</strong></h1>
Que vous soyez un passionn&eacute; de longue date ou un nouveau venu dans le monde de lendurance, notre boutique officielle est lendroit id&eacute;al pour trouver le souvenir parfait des 24 Heures du Mans. Des v&ecirc;tements aux accessoires, en passant par les miniatures de collection, vous trouverez forc&eacute;ment lobjet qui fera battre votre c&oelig;ur de fan.</td>
<td style="width: 2.59764%;">&nbsp;</td>
<td style="width: 57.9657%;"><img style="display: block; margin-left: auto; margin-right: auto;" src="https://www.lemans.org/media/cache/component_photo_1600/assets/fileuploads/66/6b/666b1c165b496.jpg" alt="" width="514" height="343" /></td>
</tr>
</tbody>
</table>
<p data-sourcepos="15:1-15:46">&nbsp;</p>
<table style="border-collapse: collapse; width: 99.977%;" border="1">
<tbody>
<tr>
<td style="width: 45.1209%;"><img src="https://cdn-6.motorsport.com/images/amp/6AE1D716/s1200/4-porsche-penske-motorsport-po.webp" alt="" width="505" height="336" /></td>
<td style="width: 2.50158%;">&nbsp;</td>
<td style="width: 52.3675%;">
<h1 data-sourcepos="15:1-15:46"><strong>Rencontrez l&Eacute;quipe Porsche</strong></h1>
Venez &agrave; la rencontre des pilotes et des membres de l&eacute;quipe Porsche ! &Eacute;changez avec eux, prenez des photos et partagez leur passion pour la course. Ils seront ravis de vous faire d&eacute;couvrir leur univers et de vous faire vivre des moments inoubliables.</td>
</tr>
</tbody>
</table>
<p data-sourcepos="19:1-19:60">&nbsp;</p>
<table style="border-collapse: collapse; width: 99.977%;" border="1">
<tbody>
<tr>
<td style="width: 39.5128%;">
<h1 data-sourcepos="19:1-19:60"><strong>LInnovation au Service de la Performance</strong></h1>
Porsche, cest aussi un laboratoire dinnovation. Les 24 Heures du Mans sont loccasion pour nous de tester de nouvelles technologies et de repousser les limites de la performance. D&eacute;couvrez comment notre engagement en comp&eacute;tition se traduit par des avanc&eacute;es technologiques qui profitent &agrave; nos voitures de s&eacute;rie.</td>
<td style="width: 2.86086%;">&nbsp;</td>
<td style="width: 57.6162%;"><img style="display: block; margin-left: auto; margin-right: auto;" src="https://www.endurance-info.com/sites/default/files/styles/image_richtext/public/2025-03/MANTHEY%20Porsche%20911%20GT3...%20%281%29.jpg?itok=iGvc7rdD" alt="" width="425" height="283" /></td>
</tr>
</tbody>
</table>
<p data-sourcepos="23:1-23:49">&nbsp;</p>
<table style="border-collapse: collapse; width: 99.977%;" border="1">
<tbody>
<tr>
<td style="width: 45.38%;"><img style="display: block; margin-left: auto; margin-right: auto;" src="https://www.lemans.org/media/cache/component_photo_1600/assets/fileuploads/67/e1/67e17552c8b9e.jpg" alt="" width="496" height="279" /></td>
<td style="width: 2.41567%;">&nbsp;</td>
<td style="width: 52.1957%;">
<h1 data-sourcepos="23:1-23:49"><strong>Vivez lIntensit&eacute; de la Course</strong></h1>
Les 24 Heures du Mans, cest une exp&eacute;rience unique, un m&eacute;lange dadr&eacute;naline, de passion et d&eacute;motion. Venez vibrer au rythme des moteurs et encourager l&eacute;quipe Porsche dans sa qu&ecirc;te de la victoire. Lambiance sur le circuit est &eacute;lectrique, et vous repartirez avec des souvenirs plein la t&ecirc;te.</td>
</tr>
</tbody>
</table>
<p>&nbsp;</p>', 'Porsche', 'porsche', 'porsche@gmail.com', NULL, NULL),('524aaa51-09c1-48f1-85d3-ac878394e1ff', '/public/prestataires_icons/karting_presta.png', '$2b$12$q2TiCEKu0SDWFE2nPq45He.gXueN20nlAPHYCsS5RQ.X8Z1dG5vFG', NULL, 'Kart24', 'kart24', 'kart24@gmail.com', NULL, NULL),('af3a0f62-5b13-4b19-9d42-736870b268a0', '/public/prestataires_icons/organisateurs_presta.png', '$2y$10$NXLvYYnkO8Nvz7vnuE6GVuszoBjyTFyAH2.vINZ1OinJZC6tRi6D6', NULL, '24h du Mans', '24hdumans', 'mongman@gmail.com', NULL, NULL);
INSERT INTO PrestataireLink (`prestataire_id`, `id`, `name`, `url`)
               VALUES('45309281-fc24-4e02-ad47-a275c64f5327', 30, 'Site officiel', 'https://www.porsche.com'),('255da203-781d-4e50-924f-0423638cdb68', 31, 'Nos prestations', 'https://montgolfiere-france.com/bapteme-en-montgolfiere-pres-du-mans/'),('524aaa51-09c1-48f1-85d3-ac878394e1ff', 32, 'Site officiel', 'https://www.lemans-karting.com/karting/sessions-kart'),('af3a0f62-5b13-4b19-9d42-736870b268a0', 33, 'Notre site', 'https://24h.chamallow.fr');
INSERT INTO Boutique (`prestataire_id`, `enabled`, `shop_id`)
               VALUES('45309281-fc24-4e02-ad47-a275c64f5327', 1, '867fb638-7cb1-4228-a643-5c4f352f44b1');
INSERT INTO BoutiqueCategory (`shop_id`, `category_id`, `category_label`)
               VALUES('867fb638-7cb1-4228-a643-5c4f352f44b1', '9af710a9-9c13-43d7-b710-a99c1323d77d', 'Écusson'),('867fb638-7cb1-4228-a643-5c4f352f44b1', 'be2cff03-7d12-4369-acff-037d12a36993', 'Porte-clé'),('867fb638-7cb1-4228-a643-5c4f352f44b1', 'fdbc099a-04f0-4dbd-bc09-9a04f04dbd49', 'Jouets');
INSERT INTO BoutiqueArticles (`shop_id`, `item_id`, `referencer`, `name`, `image`, `price`, `stock`, `description`, `category_id`, `deleted`)
               VALUES('867fb638-7cb1-4228-a643-5c4f352f44b1', 1, 'porte-clé-frein', 'Porte-clé frein', '/public/products_images/porte_cle_frein.jpg', 16.99, 56, NULL, 'be2cff03-7d12-4369-acff-037d12a36993', 0),('867fb638-7cb1-4228-a643-5c4f352f44b1', 2, 'porte-clé-porsche', 'Porte-clé porsche', '/public/products_images/porte_cle_ecusson.jpg', 24.99, 129, NULL, 'be2cff03-7d12-4369-acff-037d12a36993', 0),('867fb638-7cb1-4228-a643-5c4f352f44b1', 3, 'écusson-porsche', 'Écusson Porsche', '/public/products_images/ecusson_porsche.jpg', 34.99, 3, NULL, '9af710a9-9c13-43d7-b710-a99c1323d77d', 0),('867fb638-7cb1-4228-a643-5c4f352f44b1', 5, 'petite-voiture', 'Voiture miniature', '/public/products_images/petite_voiture.jpg', 7.46, 79, NULL, 'fdbc099a-04f0-4dbd-bc09-9a04f04dbd49', 0);
INSERT INTO UserOrder (`user_id`, `order_id`, `total_price`, `date`)
               VALUES('e052f135-13db-4a0d-aa15-f9bffac00359', 'a8d2f58f-9f64-492f-8901-0ab956450bf6', 76.97, '2025-03-03 14:16:54'),('e052f135-13db-4a0d-aa15-f9bffac00359', 'dedc1ca8-25ba-4472-b079-85e0d224e9c2', 611.74, '2025-04-02 09:14:35'),('e052f135-13db-4a0d-aa15-f9bffac00359', 'e17e767e-2541-435c-b13d-8eb92366d20a', 511.78, '2025-04-01 14:38:17');
INSERT INTO UserOrderArticle (`order_id`, `article_id`, `unit_price`, `amount`)
               VALUES('a8d2f58f-9f64-492f-8901-0ab956450bf6', 1, 16.99, 1),('a8d2f58f-9f64-492f-8901-0ab956450bf6', 2, 24.99, 1),('a8d2f58f-9f64-492f-8901-0ab956450bf6', 3, 34.99, 1),('dedc1ca8-25ba-4472-b079-85e0d224e9c2', 1, 16.99, 11),('dedc1ca8-25ba-4472-b079-85e0d224e9c2', 2, 24.99, 10),('dedc1ca8-25ba-4472-b079-85e0d224e9c2', 3, 34.99, 5),('e17e767e-2541-435c-b13d-8eb92366d20a', 1, 16.99, 11),('e17e767e-2541-435c-b13d-8eb92366d20a', 2, 24.99, 6),('e17e767e-2541-435c-b13d-8eb92366d20a', 3, 34.99, 5);
INSERT INTO Billetteries (`billetterie_label`, `billetterie_id`, `prestataire_id`)
               VALUES('Tribunes', 'dab91561-09f1-47cb-8d91-e21e873d6b4e', 'af3a0f62-5b13-4b19-9d42-736870b268a0');
INSERT INTO BilletterieCategories (`category_label`, `category_id`, `billetterie_id`)
               VALUES('Tribune', 1, 'dab91561-09f1-47cb-8d91-e21e873d6b4e'),('Tribune personne à mobilité réduite', 2, 'dab91561-09f1-47cb-8d91-e21e873d6b4e'),('Tribune VIP', 3, 'dab91561-09f1-47cb-8d91-e21e873d6b4e');
INSERT INTO BilletterieForfaits (`forfait_label`, `forfait_id`, `billetterie_id`)
               VALUES('Mercredi 11 juin 2025', 1, 'dab91561-09f1-47cb-8d91-e21e873d6b4e'),('Jeudi 12 juin 2025', 2, 'dab91561-09f1-47cb-8d91-e21e873d6b4e'),('Vendredi 13 juin 2025', 3, 'dab91561-09f1-47cb-8d91-e21e873d6b4e'),('Samedi 14 juin 2025', 4, 'dab91561-09f1-47cb-8d91-e21e873d6b4e'),('Dimanche 15 juin 2025', 5, 'dab91561-09f1-47cb-8d91-e21e873d6b4e');
INSERT INTO BilletteriePersonnes (`personne_label`, `personne_id`, `billetterie_id`)
               VALUES('Famille (x2 adulte) nombre denfants : ', 1, 'dab91561-09f1-47cb-8d91-e21e873d6b4e'),('Étudiant nombre de places : ', 2, 'dab91561-09f1-47cb-8d91-e21e873d6b4e'),('Sénior nombre de places : ', 3, 'dab91561-09f1-47cb-8d91-e21e873d6b4e'),('Adulte nombre de places : ', 4, 'dab91561-09f1-47cb-8d91-e21e873d6b4e'),('Mineur nombre de places : ', 5, 'dab91561-09f1-47cb-8d91-e21e873d6b4e');
INSERT INTO Ecurie (`id`, `name`, `prestataire_id`)
               VALUES('d8d755cb-9aba-43f5-9546-14db654a1f06', 'Porsche', '45309281-fc24-4e02-ad47-a275c64f5327');
INSERT INTO Karting (`karting_id`, `prestataire_id`, `enabled`)
               VALUES('1278aadd-b56a-458b-b8aa-ddb56a258bf8', '524aaa51-09c1-48f1-85d3-ac878394e1ff', 1);
INSERT INTO KartingCircuit (`circuit_id`, `karting_id`, `minAge`, `circuit_name`, `kart_power`)
               VALUES('1a945660-cef6-4e73-9456-60cef62e734f', '1278aadd-b56a-458b-b8aa-ddb56a258bf8', 8, 'Piste Junior', 160),('45e11ba5-9136-48aa-a11b-a59136b8aa38', '1278aadd-b56a-458b-b8aa-ddb56a258bf8', 16, 'Piste Amateur', 270),('7c9c6893-7402-48df-9c68-937402f8df02', '1278aadd-b56a-458b-b8aa-ddb56a258bf8', 18, 'Piste Confirmé', 390);
INSERT INTO KartingSessionSlot (`session_id`, `circuit_id`, `from_date`, `to_date`, `maxSize`)
               VALUES('002f1313-778d-5fb9-84ef-afa849197ffe', '7c9c6893-7402-48df-9c68-937402f8df02', '2025-04-01 14:30:00', '2025-04-01 14:45:00', 10),('00b9300e-c535-53bf-b2ab-c887b7fc5ccd', '1a945660-cef6-4e73-9456-60cef62e734f', '2025-04-04 16:45:00', '2025-04-04 17:00:00', 10),('01669e61-ee47-5460-a375-c24ea48df56c', '7c9c6893-7402-48df-9c68-937402f8df02', '2025-04-03 19:30:00', '2025-04-03 19:45:00', 10),('0261c26d-1aa1-531f-b0bd-3afde57e66b2', '7c9c6893-7402-48df-9c68-937402f8df02', '2025-04-04 17:30:00', '2025-04-04 17:45:00', 10),('0297f56b-5f53-5892-9a6a-523e42281962', '45e11ba5-9136-48aa-a11b-a59136b8aa38', '2025-04-02 18:15:00', '2025-04-02 18:30:00', 10),('043f8ee9-e67b-589e-bbaa-250182c9e49f', '45e11ba5-9136-48aa-a11b-a59136b8aa38', '2025-03-31 16:45:00', '2025-03-31 17:00:00', 10),('058a1fa0-5878-59da-b181-11cc202f674b', '7c9c6893-7402-48df-9c68-937402f8df02', '2025-04-04 19:00:00', '2025-04-04 19:15:00', 10),('060eb4a0-58d7-526d-8dd8-225101378d43', '1a945660-cef6-4e73-9456-60cef62e734f', '2025-04-04 14:45:00', '2025-04-04 15:00:00', 10),('0744d2d0-1cdc-5774-aeaa-17408a8b96b1', '1a945660-cef6-4e73-9456-60cef62e734f', '2025-04-01 15:45:00', '2025-04-01 16:00:00', 10),('07f1010b-198b-5636-93b4-d95a91e0f993', '7c9c6893-7402-48df-9c68-937402f8df02', '2025-04-04 15:00:00', '2025-04-04 15:15:00', 10),('0929f38f-b484-5fe8-9eb4-96cc1a8f301d', '7c9c6893-7402-48df-9c68-937402f8df02', '2025-04-03 17:15:00', '2025-04-03 17:30:00', 10),('0a3264f1-1132-5703-9da4-50a30f95e74a', '45e11ba5-9136-48aa-a11b-a59136b8aa38', '2025-03-31 17:15:00', '2025-03-31 17:30:00', 10),('0a50db9d-addf-5dc9-8213-cead8742c07e', '1a945660-cef6-4e73-9456-60cef62e734f', '2025-04-04 17:00:00', '2025-04-04 17:15:00', 10),('0aab6727-dec6-5a51-b18c-8a36f6f30980', '1a945660-cef6-4e73-9456-60cef62e734f', '2025-03-31 14:00:00', '2025-03-31 14:15:00', 10),('0b6801e6-8424-5236-bdcc-215fe1413862', '7c9c6893-7402-48df-9c68-937402f8df02', '2025-03-31 18:45:00', '2025-03-31 19:00:00', 10),('0be38fe4-d023-5f33-8c2f-188f1d711239', '45e11ba5-9136-48aa-a11b-a59136b8aa38', '2025-04-04 19:45:00', '2025-04-04 20:00:00', 10),('0c7abf7d-89b4-5269-bf58-b7d7f963d167', '1a945660-cef6-4e73-9456-60cef62e734f', '2025-04-02 16:45:00', '2025-04-02 17:00:00', 10),('0cc4a109-3c4b-55db-a290-4c58a3cea4f2', '7c9c6893-7402-48df-9c68-937402f8df02', '2025-04-04 19:30:00', '2025-04-04 19:45:00', 10),('0ccbccba-f13d-51f7-b290-f58f5db92761', '45e11ba5-9136-48aa-a11b-a59136b8aa38', '2025-04-04 16:15:00', '2025-04-04 16:30:00', 10),('0ceae915-543c-5ab8-9777-83597a5701b2', '1a945660-cef6-4e73-9456-60cef62e734f', '2025-04-04 19:15:00', '2025-04-04 19:30:00', 10),('0d6369f2-307a-5e3e-bfc1-004ce94c4cda', '1a945660-cef6-4e73-9456-60cef62e734f', '2025-04-01 19:15:00', '2025-04-01 19:30:00', 10),('0dcf0034-767d-5d73-be93-64d6bfb37077', '1a945660-cef6-4e73-9456-60cef62e734f', '2025-04-02 16:15:00', '2025-04-02 16:30:00', 10),('0e02c0f0-de85-507e-84cf-2bc701c0502b', '7c9c6893-7402-48df-9c68-937402f8df02', '2025-04-02 15:15:00', '2025-04-02 15:30:00', 10),('0e3d5783-e7eb-5933-ba9c-317937587b66', '45e11ba5-9136-48aa-a11b-a59136b8aa38', '2025-04-02 18:00:00', '2025-04-02 18:15:00', 10),('0e480c4e-45bc-5a9f-9ea2-83a115ced6a0', '45e11ba5-9136-48aa-a11b-a59136b8aa38', '2025-04-02 14:30:00', '2025-04-02 14:45:00', 10),('0fb28608-2e53-5749-94f3-21da8247e45f', '1a945660-cef6-4e73-9456-60cef62e734f', '2025-04-03 16:45:00', '2025-04-03 17:00:00', 10),('106a8f58-f893-551b-a15f-d3357eae19e2', '45e11ba5-9136-48aa-a11b-a59136b8aa38', '2025-04-02 18:30:00', '2025-04-02 18:45:00', 10),('1080570c-d2c2-53a2-bfc9-0b5ca99b21ce', '1a945660-cef6-4e73-9456-60cef62e734f', '2025-04-03 19:15:00', '2025-04-03 19:30:00', 10),('10871315-d1c6-560b-9936-a0e66240f1e0', '1a945660-cef6-4e73-9456-60cef62e734f', '2025-04-01 16:30:00', '2025-04-01 16:45:00', 10),('10c85c32-14ca-533e-9774-b63644de52e5', '45e11ba5-9136-48aa-a11b-a59136b8aa38', '2025-04-03 18:30:00', '2025-04-03 18:45:00', 10),('11acfeb5-9970-5504-aa22-d4d1f536dd74', '1a945660-cef6-4e73-9456-60cef62e734f', '2025-04-02 16:00:00', '2025-04-02 16:15:00', 10),('1249d18b-8719-5afa-8571-095416a280ab', '45e11ba5-9136-48aa-a11b-a59136b8aa38', '2025-04-02 17:45:00', '2025-04-02 18:00:00', 10),('124fe105-3ab9-5fdf-a895-c0dddff96bb7', '1a945660-cef6-4e73-9456-60cef62e734f', '2025-04-02 17:15:00', '2025-04-02 17:30:00', 10),('12d2c93e-40ce-5879-961e-5da1333d0519', '1a945660-cef6-4e73-9456-60cef62e734f', '2025-04-03 14:30:00', '2025-04-03 14:45:00', 10),('13abe207-400e-5a54-85ab-f91d1a42d1aa', '1a945660-cef6-4e73-9456-60cef62e734f', '2025-04-01 17:45:00', '2025-04-01 18:00:00', 10),('15253411-ccf7-5ba2-b3cd-7cea0f98621d', '1a945660-cef6-4e73-9456-60cef62e734f', '2025-04-01 15:30:00', '2025-04-01 15:45:00', 10),('155de2c6-2ec1-57a6-8a40-f542bf58a3cd', '1a945660-cef6-4e73-9456-60cef62e734f', '2025-04-02 15:15:00', '2025-04-02 15:30:00', 10),('165dc7e2-4a88-57c6-8376-a7257cbdb884', '45e11ba5-9136-48aa-a11b-a59136b8aa38', '2025-04-01 15:15:00', '2025-04-01 15:30:00', 10),('1809e0ae-b716-5e8b-9f4d-75fe204f1ce3', '7c9c6893-7402-48df-9c68-937402f8df02', '2025-04-02 17:15:00', '2025-04-02 17:30:00', 10),('18366f10-7077-53a2-b1ca-c4251514d34e', '45e11ba5-9136-48aa-a11b-a59136b8aa38', '2025-04-04 15:30:00', '2025-04-04 15:45:00', 10),('18a6cb24-93e2-5083-adc1-9b49dc498b71', '7c9c6893-7402-48df-9c68-937402f8df02', '2025-03-31 15:30:00', '2025-03-31 15:45:00', 10),('18c7ddef-bd56-54f1-bcb3-e38bad983eac', '1a945660-cef6-4e73-9456-60cef62e734f', '2025-04-03 17:30:00', '2025-04-03 17:45:00', 10),('193bac38-9cfb-52c9-8a80-49c7f37e0fd4', '1a945660-cef6-4e73-9456-60cef62e734f', '2025-04-03 19:00:00', '2025-04-03 19:15:00', 10),('196ddff3-dc89-5f52-8ecf-c79dba3de2ba', '1a945660-cef6-4e73-9456-60cef62e734f', '2025-04-04 15:30:00', '2025-04-04 15:45:00', 10),('1a605a88-eef5-551d-a1fd-acad14ee7c59', '1a945660-cef6-4e73-9456-60cef62e734f', '2025-03-31 16:00:00', '2025-03-31 16:15:00', 10),('1b520308-e87a-5edf-8b28-aa45b126ed08', '1a945660-cef6-4e73-9456-60cef62e734f', '2025-04-01 16:00:00', '2025-04-01 16:15:00', 10),('1c2b2dbb-7685-5dca-9ed0-3c95fd67f8bc', '7c9c6893-7402-48df-9c68-937402f8df02', '2025-04-01 18:45:00', '2025-04-01 19:00:00', 10),('1d5b8613-d5b3-575f-b095-61f3636776f0', '1a945660-cef6-4e73-9456-60cef62e734f', '2025-04-01 18:15:00', '2025-04-01 18:30:00', 10),('1de115ba-9496-5bde-9e64-94050055f456', '7c9c6893-7402-48df-9c68-937402f8df02', '2025-04-03 17:00:00', '2025-04-03 17:15:00', 10),('1e8aa7d9-6857-55b3-b487-c131def83669', '7c9c6893-7402-48df-9c68-937402f8df02', '2025-04-01 14:00:00', '2025-04-01 14:15:00', 10),('1f141d7f-2e8c-5810-8f9a-734c795d2faf', '45e11ba5-9136-48aa-a11b-a59136b8aa38', '2025-04-03 15:15:00', '2025-04-03 15:30:00', 10),('1f54c721-8d47-5d92-bf21-05cf97912c1c', '1a945660-cef6-4e73-9456-60cef62e734f', '2025-04-01 15:15:00', '2025-04-01 15:30:00', 10),('1fbfff10-f1b0-5d35-8051-b1a299d3c6ea', '7c9c6893-7402-48df-9c68-937402f8df02', '2025-04-04 17:00:00', '2025-04-04 17:15:00', 10),('1ffe3b3e-bf02-567e-b863-e3b3b910f504', '1a945660-cef6-4e73-9456-60cef62e734f', '2025-04-01 18:45:00', '2025-04-01 19:00:00', 10),('20b13d92-f340-5251-af66-27d4e8673820', '7c9c6893-7402-48df-9c68-937402f8df02', '2025-04-01 17:45:00', '2025-04-01 18:00:00', 10),('23169f66-dd90-5929-8734-af9aea8d483b', '45e11ba5-9136-48aa-a11b-a59136b8aa38', '2025-04-03 14:30:00', '2025-04-03 14:45:00', 10),('2325ba92-ca5b-5baa-9bfd-42c2aa85f6c8', '1a945660-cef6-4e73-9456-60cef62e734f', '2025-04-02 17:45:00', '2025-04-02 18:00:00', 10),('23a67d9d-9bb5-508e-abfc-b3d6a589a897', '7c9c6893-7402-48df-9c68-937402f8df02', '2025-04-02 17:30:00', '2025-04-02 17:45:00', 10),('242de6bf-c5b1-558a-a837-f2a162372b9f', '45e11ba5-9136-48aa-a11b-a59136b8aa38', '2025-04-02 15:45:00', '2025-04-02 16:00:00', 10),('249f4a8a-23d7-5c84-87de-0ce6f37c35a3', '45e11ba5-9136-48aa-a11b-a59136b8aa38', '2025-04-02 17:15:00', '2025-04-02 17:30:00', 10),('24f07709-62ab-5023-a929-0f585a7ca61c', '7c9c6893-7402-48df-9c68-937402f8df02', '2025-04-02 18:15:00', '2025-04-02 18:30:00', 10),('2544d7f2-d84a-53d4-b673-8e145f24f32b', '1a945660-cef6-4e73-9456-60cef62e734f', '2025-04-04 14:00:00', '2025-04-04 14:15:00', 10),('260ae3f2-5db1-5382-aba8-c9aa41a3d9b9', '45e11ba5-9136-48aa-a11b-a59136b8aa38', '2025-04-02 15:15:00', '2025-04-02 15:30:00', 10),('26659483-80b7-54fc-b46d-0e3d33cbd71c', '7c9c6893-7402-48df-9c68-937402f8df02', '2025-04-04 19:15:00', '2025-04-04 19:30:00', 10),('268c1d4e-49ed-567f-98d3-0a9f35cd4380', '1a945660-cef6-4e73-9456-60cef62e734f', '2025-03-31 15:15:00', '2025-03-31 15:30:00', 10),('2750687f-a24b-5a46-9e07-f6609d4e6004', '7c9c6893-7402-48df-9c68-937402f8df02', '2025-03-31 19:00:00', '2025-03-31 19:15:00', 10),('278fcc9b-f32b-54cb-99dd-274a77993457', '45e11ba5-9136-48aa-a11b-a59136b8aa38', '2025-03-31 16:00:00', '2025-03-31 16:15:00', 10),('28822460-0167-5b6a-b205-d3b87cf16620', '1a945660-cef6-4e73-9456-60cef62e734f', '2025-03-31 16:30:00', '2025-03-31 16:45:00', 10),('293bdd53-969f-5c4f-be4d-d89bd0946405', '1a945660-cef6-4e73-9456-60cef62e734f', '2025-04-03 17:15:00', '2025-04-03 17:30:00', 10),('2987ce04-393f-5320-9001-6a09d02b59b9', '1a945660-cef6-4e73-9456-60cef62e734f', '2025-04-04 15:45:00', '2025-04-04 16:00:00', 10),('2d9e4a2b-e896-56af-b1ab-512beaa7f051', '45e11ba5-9136-48aa-a11b-a59136b8aa38', '2025-04-03 15:00:00', '2025-04-03 15:15:00', 10),('2dac5f66-ce63-55e8-a234-67b48bf9856a', '1a945660-cef6-4e73-9456-60cef62e734f', '2025-03-31 18:00:00', '2025-03-31 18:15:00', 10),('2e82d45c-d854-583c-b857-bb8ca820cd00', '1a945660-cef6-4e73-9456-60cef62e734f', '2025-03-31 17:30:00', '2025-03-31 17:45:00', 10),('3002058b-caab-5504-8a46-cb7923cda69c', '1a945660-cef6-4e73-9456-60cef62e734f', '2025-04-03 15:00:00', '2025-04-03 15:15:00', 10),('30402124-32fb-52e0-8528-2050d28c1a17', '7c9c6893-7402-48df-9c68-937402f8df02', '2025-04-02 19:45:00', '2025-04-02 20:00:00', 10),('30412350-a265-5620-b6d9-6d85ce7a09cb', '7c9c6893-7402-48df-9c68-937402f8df02', '2025-04-02 19:30:00', '2025-04-02 19:45:00', 10),('31e40b65-750b-581c-b53e-1a2f7f36f30a', '45e11ba5-9136-48aa-a11b-a59136b8aa38', '2025-04-04 19:15:00', '2025-04-04 19:30:00', 10),('3214b6f0-0845-57d3-8637-33533c45b899', '1a945660-cef6-4e73-9456-60cef62e734f', '2025-04-02 18:15:00', '2025-04-02 18:30:00', 10),('33e0dd7e-3477-55a9-ae06-24a06d910c55', '1a945660-cef6-4e73-9456-60cef62e734f', '2025-04-01 16:45:00', '2025-04-01 17:00:00', 10),('34fcc004-64a8-5751-a338-22a3b2b7bed7', '7c9c6893-7402-48df-9c68-937402f8df02', '2025-03-31 15:15:00', '2025-03-31 15:30:00', 10),('35f569a1-030e-5e4b-ac7f-6b1483309a6f', '45e11ba5-9136-48aa-a11b-a59136b8aa38', '2025-04-01 14:15:00', '2025-04-01 14:30:00', 10),('3610c3d1-e86f-5895-ab9d-807e9339ae76', '1a945660-cef6-4e73-9456-60cef62e734f', '2025-04-02 18:30:00', '2025-04-02 18:45:00', 10),('3669ad86-0247-5380-bf43-ae7628372bc8', '1a945660-cef6-4e73-9456-60cef62e734f', '2025-04-03 17:45:00', '2025-04-03 18:00:00', 10),('36a03344-3d0a-5fad-9ef0-246ba40552b6', '1a945660-cef6-4e73-9456-60cef62e734f', '2025-04-02 19:15:00', '2025-04-02 19:30:00', 10),('38ccf258-3ebd-5dcb-a585-3d78f2dd9d0e', '1a945660-cef6-4e73-9456-60cef62e734f', '2025-04-02 17:00:00', '2025-04-02 17:15:00', 10),('39d444fd-5988-5821-a385-1d820095fed7', '45e11ba5-9136-48aa-a11b-a59136b8aa38', '2025-04-04 17:30:00', '2025-04-04 17:45:00', 10),('3a2549d1-e7c1-57c7-a2a0-4ca5a493895d', '1a945660-cef6-4e73-9456-60cef62e734f', '2025-04-03 15:15:00', '2025-04-03 15:30:00', 10),('3a6ef26f-18ba-51f1-a456-2d6e293d31b3', '1a945660-cef6-4e73-9456-60cef62e734f', '2025-03-31 14:45:00', '2025-03-31 15:00:00', 10),('3cbe23ca-0ad8-56c0-af31-3e19e84d3092', '45e11ba5-9136-48aa-a11b-a59136b8aa38', '2025-04-04 16:00:00', '2025-04-04 16:15:00', 10),('3de0bba3-c442-58ca-ab87-ada0e7bdbae4', '45e11ba5-9136-48aa-a11b-a59136b8aa38', '2025-04-01 15:00:00', '2025-04-01 15:15:00', 10),('3de0d6aa-e0cb-5c0f-9ae5-480cfa5cc44a', '7c9c6893-7402-48df-9c68-937402f8df02', '2025-04-02 14:45:00', '2025-04-02 15:00:00', 10),('3de4988e-49e6-5d26-a49a-3cb0ae7795b3', '45e11ba5-9136-48aa-a11b-a59136b8aa38', '2025-04-01 17:00:00', '2025-04-01 17:15:00', 10),('3dfbce84-9b03-5596-84d1-7148ffa4fc4b', '1a945660-cef6-4e73-9456-60cef62e734f', '2025-04-02 17:30:00', '2025-04-02 17:45:00', 10),('3f05068b-83dd-52a6-a435-082af24eb9d9', '7c9c6893-7402-48df-9c68-937402f8df02', '2025-04-04 16:00:00', '2025-04-04 16:15:00', 10),('3f3dc94e-b695-5beb-84dc-ac0e1cf8b954', '7c9c6893-7402-48df-9c68-937402f8df02', '2025-04-04 15:15:00', '2025-04-04 15:30:00', 10),('40d88c9e-b66a-5117-80af-a6f89994423d', '45e11ba5-9136-48aa-a11b-a59136b8aa38', '2025-04-01 15:45:00', '2025-04-01 16:00:00', 10),('41a2adf5-510e-5e5b-9b7c-b607f43e5914', '45e11ba5-9136-48aa-a11b-a59136b8aa38', '2025-04-03 14:45:00', '2025-04-03 15:00:00', 10),('428f07a4-d92a-5d9f-a5cd-4eda2c400187', '45e11ba5-9136-48aa-a11b-a59136b8aa38', '2025-04-04 18:00:00', '2025-04-04 18:15:00', 10),('43131e63-2445-56f4-b67c-5a968529751f', '45e11ba5-9136-48aa-a11b-a59136b8aa38', '2025-04-02 19:45:00', '2025-04-02 20:00:00', 10),('432e3e9f-4d5f-51dc-a1b4-fe422a11b84b', '1a945660-cef6-4e73-9456-60cef62e734f', '2025-04-01 19:00:00', '2025-04-01 19:15:00', 10),('4402f5bc-71cd-5b91-9c4e-899e12f861ff', '1a945660-cef6-4e73-9456-60cef62e734f', '2025-04-02 16:30:00', '2025-04-02 16:45:00', 10),('44c4c875-6095-51e7-a230-47b679b3599a', '45e11ba5-9136-48aa-a11b-a59136b8aa38', '2025-04-04 16:30:00', '2025-04-04 16:45:00', 10),('4537b151-930f-5b04-84f0-e72da6c4200b', '1a945660-cef6-4e73-9456-60cef62e734f', '2025-04-02 15:00:00', '2025-04-02 15:15:00', 10),('454debb9-f93d-5889-b8b0-539fc025e73b', '45e11ba5-9136-48aa-a11b-a59136b8aa38', '2025-04-04 14:30:00', '2025-04-04 14:45:00', 10),('46770f98-3b2a-5873-9017-23164dd0584a', '1a945660-cef6-4e73-9456-60cef62e734f', '2025-04-03 16:30:00', '2025-04-03 16:45:00', 10),('46e0369e-e02b-5c77-b979-4a4450480d4d', '1a945660-cef6-4e73-9456-60cef62e734f', '2025-04-04 16:15:00', '2025-04-04 16:30:00', 10),('4759a2fe-57db-57be-bdd1-45b33dcb1074', '45e11ba5-9136-48aa-a11b-a59136b8aa38', '2025-04-03 17:45:00', '2025-04-03 18:00:00', 10),('4940ffd7-7e4e-5f65-9cd0-f976efd2fac4', '7c9c6893-7402-48df-9c68-937402f8df02', '2025-04-01 15:45:00', '2025-04-01 16:00:00', 10),('4bb7b295-04f4-5f29-b728-86d756352e79', '7c9c6893-7402-48df-9c68-937402f8df02', '2025-04-01 15:30:00', '2025-04-01 15:45:00', 10),('4d6d51d9-ea58-5bfe-aa95-992b3c8d71d1', '7c9c6893-7402-48df-9c68-937402f8df02', '2025-04-02 16:00:00', '2025-04-02 16:15:00', 10),('4d8d2d3d-fcb9-558f-bc91-7ca13ae30ca2', '7c9c6893-7402-48df-9c68-937402f8df02', '2025-04-03 16:30:00', '2025-04-03 16:45:00', 10),('4dd7deb2-eb05-52c0-9284-1a31de149fb1', '45e11ba5-9136-48aa-a11b-a59136b8aa38', '2025-04-01 19:30:00', '2025-04-01 19:45:00', 10),('4de43808-7450-5996-8d76-0c689bb757a2', '7c9c6893-7402-48df-9c68-937402f8df02', '2025-04-01 19:00:00', '2025-04-01 19:15:00', 10),('4fb97c75-dfc2-54ad-925b-e85775857070', '7c9c6893-7402-48df-9c68-937402f8df02', '2025-03-31 18:00:00', '2025-03-31 18:15:00', 10),('51b760d1-f56c-550e-874f-2966a5d66c5b', '7c9c6893-7402-48df-9c68-937402f8df02', '2025-04-02 17:45:00', '2025-04-02 18:00:00', 10),('51ce3303-d9e9-5ed2-8eda-80283280874b', '45e11ba5-9136-48aa-a11b-a59136b8aa38', '2025-04-03 17:15:00', '2025-04-03 17:30:00', 10),('529319cc-5ea0-5f96-8d45-ce2a7ceb32c6', '1a945660-cef6-4e73-9456-60cef62e734f', '2025-03-31 14:15:00', '2025-03-31 14:30:00', 10),('5367d6ec-4536-50d4-b1bb-e71adfa9f240', '7c9c6893-7402-48df-9c68-937402f8df02', '2025-04-03 16:15:00', '2025-04-03 16:30:00', 10),('53c6581d-66c2-5e63-a673-db0dfb33acfb', '7c9c6893-7402-48df-9c68-937402f8df02', '2025-04-02 19:15:00', '2025-04-02 19:30:00', 10),('544473a6-42ce-538c-9386-d264bb361fca', '45e11ba5-9136-48aa-a11b-a59136b8aa38', '2025-04-03 18:15:00', '2025-04-03 18:30:00', 10),('545f410d-ff41-568e-9b98-11f65e19d6ff', '7c9c6893-7402-48df-9c68-937402f8df02', '2025-04-04 14:15:00', '2025-04-04 14:30:00', 10),('547733b2-191b-5b96-bd73-f27e7ed43b74', '1a945660-cef6-4e73-9456-60cef62e734f', '2025-03-31 19:15:00', '2025-03-31 19:30:00', 10),('54cfef78-30a9-51fa-9c03-0c98173117e9', '45e11ba5-9136-48aa-a11b-a59136b8aa38', '2025-04-03 17:00:00', '2025-04-03 17:15:00', 10),('5589c649-8086-50c7-b596-a6efd8650c9f', '7c9c6893-7402-48df-9c68-937402f8df02', '2025-04-03 15:15:00', '2025-04-03 15:30:00', 10),('56a88d58-8d39-5d7e-b3b2-9345e2345942', '45e11ba5-9136-48aa-a11b-a59136b8aa38', '2025-04-04 16:45:00', '2025-04-04 17:00:00', 10),('57e21f38-0a39-549d-af18-fe2f0a05b7ed', '7c9c6893-7402-48df-9c68-937402f8df02', '2025-04-04 16:15:00', '2025-04-04 16:30:00', 10),('58f49bcf-2e8c-537d-b7c6-c16d5dbfd132', '45e11ba5-9136-48aa-a11b-a59136b8aa38', '2025-04-03 18:45:00', '2025-04-03 19:00:00', 10),('59144ebe-e558-595e-9699-0bbabca02847', '7c9c6893-7402-48df-9c68-937402f8df02', '2025-04-04 15:45:00', '2025-04-04 16:00:00', 10),('59d429ec-0790-5b88-96ff-5707d1d043fb', '1a945660-cef6-4e73-9456-60cef62e734f', '2025-04-04 17:30:00', '2025-04-04 17:45:00', 10),('5a2e2c8c-f5d1-5244-9a4a-5f6e6b3539e7', '45e11ba5-9136-48aa-a11b-a59136b8aa38', '2025-04-04 14:15:00', '2025-04-04 14:30:00', 10),('5a50f08d-d473-536e-b40f-f9d751beae6d', '1a945660-cef6-4e73-9456-60cef62e734f', '2025-04-04 17:45:00', '2025-04-04 18:00:00', 10),('5a8a96ef-615c-520d-a47d-291e08101f1b', '45e11ba5-9136-48aa-a11b-a59136b8aa38', '2025-04-02 19:15:00', '2025-04-02 19:30:00', 10),('5b4520b2-11d2-514d-a582-7d57617766a6', '45e11ba5-9136-48aa-a11b-a59136b8aa38', '2025-04-04 14:45:00', '2025-04-04 15:00:00', 10),('5beede85-8b8a-50e4-bb76-cc255c978f8e', '45e11ba5-9136-48aa-a11b-a59136b8aa38', '2025-04-02 17:30:00', '2025-04-02 17:45:00', 10),('5c63f819-8993-5167-b723-760ff419928d', '1a945660-cef6-4e73-9456-60cef62e734f', '2025-03-31 17:15:00', '2025-03-31 17:30:00', 10),('5ccef0d9-467d-5651-bf45-84f9a4e8a369', '7c9c6893-7402-48df-9c68-937402f8df02', '2025-04-01 19:45:00', '2025-04-01 20:00:00', 10),('5d662c24-eeb5-58b1-ac57-ec343baa9f33', '7c9c6893-7402-48df-9c68-937402f8df02', '2025-04-03 15:30:00', '2025-04-03 15:45:00', 10),('5d940e4b-c970-592a-b4ba-33087f707680', '45e11ba5-9136-48aa-a11b-a59136b8aa38', '2025-04-04 15:45:00', '2025-04-04 16:00:00', 10),('5dece9a3-eb0d-5a09-a409-eb17286ecb45', '45e11ba5-9136-48aa-a11b-a59136b8aa38', '2025-03-31 18:00:00', '2025-03-31 18:15:00', 10),('603e57ab-97b3-522a-9ed5-a30419f581e2', '45e11ba5-9136-48aa-a11b-a59136b8aa38', '2025-04-01 14:00:00', '2025-04-01 14:15:00', 10),('607a13e0-2576-53a8-a76b-ed2368f4bfe4', '7c9c6893-7402-48df-9c68-937402f8df02', '2025-04-01 19:30:00', '2025-04-01 19:45:00', 10),('607d5d9c-91e2-53e1-abc1-7f4fe024a0d8', '45e11ba5-9136-48aa-a11b-a59136b8aa38', '2025-04-01 18:30:00', '2025-04-01 18:45:00', 10),('60853207-73e4-5318-895d-03323075d7a5', '7c9c6893-7402-48df-9c68-937402f8df02', '2025-03-31 15:00:00', '2025-03-31 15:15:00', 10),('64aa32e0-a54c-5d20-b652-abac3c2eb60e', '45e11ba5-9136-48aa-a11b-a59136b8aa38', '2025-03-31 14:45:00', '2025-03-31 15:00:00', 10),('655f812e-383e-5bf5-9d13-1bb58f499f25', '1a945660-cef6-4e73-9456-60cef62e734f', '2025-04-01 15:00:00', '2025-04-01 15:15:00', 10),('6b2f0db8-2139-5737-9011-a3db12bd859c', '45e11ba5-9136-48aa-a11b-a59136b8aa38', '2025-03-31 17:45:00', '2025-03-31 18:00:00', 10),('6ba639e2-2410-50b8-ba9a-7ec7624ea9fa', '7c9c6893-7402-48df-9c68-937402f8df02', '2025-03-31 16:45:00', '2025-03-31 17:00:00', 10),('6cb32542-ab8b-51aa-84a4-059ce8c6ca3b', '7c9c6893-7402-48df-9c68-937402f8df02', '2025-03-31 16:15:00', '2025-03-31 16:30:00', 10),('6d8f80c8-def6-5b81-b07b-f391a1322cd2', '1a945660-cef6-4e73-9456-60cef62e734f', '2025-03-31 19:00:00', '2025-03-31 19:15:00', 10),('6e7398f8-e758-54c5-aed4-a6f77e2f54aa', '45e11ba5-9136-48aa-a11b-a59136b8aa38', '2025-04-02 14:15:00', '2025-04-02 14:30:00', 10),('6eff4502-cd06-50ab-9e06-532e5b5bb04c', '45e11ba5-9136-48aa-a11b-a59136b8aa38', '2025-04-03 19:30:00', '2025-04-03 19:45:00', 10),('6fca0c20-e62b-5b84-bca3-98c0bcfd450e', '45e11ba5-9136-48aa-a11b-a59136b8aa38', '2025-04-03 19:15:00', '2025-04-03 19:30:00', 10),('70059613-1ac8-5027-823d-4a2505921f30', '45e11ba5-9136-48aa-a11b-a59136b8aa38', '2025-04-03 14:15:00', '2025-04-03 14:30:00', 10),('71ace729-d19a-5709-a977-cd015b01f5cf', '7c9c6893-7402-48df-9c68-937402f8df02', '2025-04-02 18:00:00', '2025-04-02 18:15:00', 10),('71bc8d47-b58f-54fe-9673-1e52614055ec', '45e11ba5-9136-48aa-a11b-a59136b8aa38', '2025-04-02 18:45:00', '2025-04-02 19:00:00', 10),('729a1701-a17e-5f7d-b97a-050a5b5cdd81', '7c9c6893-7402-48df-9c68-937402f8df02', '2025-04-03 14:00:00', '2025-04-03 14:15:00', 10),('72b59611-8f16-5ced-b645-a922907fad71', '45e11ba5-9136-48aa-a11b-a59136b8aa38', '2025-04-03 19:45:00', '2025-04-03 20:00:00', 10),('72ce89f4-02a1-5087-89e6-f876a8629bff', '1a945660-cef6-4e73-9456-60cef62e734f', '2025-04-03 17:00:00', '2025-04-03 17:15:00', 10),('737f89d0-35b6-52da-9842-4ab8ed14ac19', '1a945660-cef6-4e73-9456-60cef62e734f', '2025-04-04 16:00:00', '2025-04-04 16:15:00', 10),('741525da-d74a-5930-a206-0f4d110c12bc', '1a945660-cef6-4e73-9456-60cef62e734f', '2025-04-02 14:15:00', '2025-04-02 14:30:00', 10),('748591e4-0347-58a0-ae1a-076dbb4bdd62', '7c9c6893-7402-48df-9c68-937402f8df02', '2025-04-03 14:15:00', '2025-04-03 14:30:00', 10),('74f850aa-f5e8-53ab-aa71-55c23921fd6d', '45e11ba5-9136-48aa-a11b-a59136b8aa38', '2025-03-31 16:30:00', '2025-03-31 16:45:00', 10),('75105e47-0585-5be8-b79c-8d217cf2f5ce', '45e11ba5-9136-48aa-a11b-a59136b8aa38', '2025-03-31 19:15:00', '2025-03-31 19:30:00', 10),('75206c42-7684-5f74-b9f4-30845ae7aa02', '45e11ba5-9136-48aa-a11b-a59136b8aa38', '2025-04-01 17:45:00', '2025-04-01 18:00:00', 10),('753ef50d-644b-5c31-9f3c-0284850c4390', '1a945660-cef6-4e73-9456-60cef62e734f', '2025-04-03 14:15:00', '2025-04-03 14:30:00', 10),('75426a2e-400e-508d-8529-5dba8c277499', '1a945660-cef6-4e73-9456-60cef62e734f', '2025-04-04 15:15:00', '2025-04-04 15:30:00', 10),('76d537bd-4ef0-5a1d-b762-2910ed2f3dcf', '45e11ba5-9136-48aa-a11b-a59136b8aa38', '2025-04-01 14:45:00', '2025-04-01 15:00:00', 10),('776f5b20-a6e1-5ad9-848e-eb29e4a3a435', '45e11ba5-9136-48aa-a11b-a59136b8aa38', '2025-04-02 17:00:00', '2025-04-02 17:15:00', 10),('77c3a4cc-059f-5fd4-a8e4-81dbeab024aa', '7c9c6893-7402-48df-9c68-937402f8df02', '2025-04-04 18:00:00', '2025-04-04 18:15:00', 10),('784827df-ba4d-52f7-beb3-6253b04c222b', '7c9c6893-7402-48df-9c68-937402f8df02', '2025-04-04 17:15:00', '2025-04-04 17:30:00', 10),('78b3ba3c-ff26-5dc8-9348-4465cf9188da', '45e11ba5-9136-48aa-a11b-a59136b8aa38', '2025-04-04 17:15:00', '2025-04-04 17:30:00', 10),('78c7c0af-6f1e-587a-9dfc-9eebb6437ef3', '7c9c6893-7402-48df-9c68-937402f8df02', '2025-04-01 17:30:00', '2025-04-01 17:45:00', 10),('796c2334-4aa9-5884-8e7f-578163945e4c', '1a945660-cef6-4e73-9456-60cef62e734f', '2025-04-02 19:45:00', '2025-04-02 20:00:00', 10),('79803a0d-de96-50df-b6ce-39ff8e9ba0ba', '45e11ba5-9136-48aa-a11b-a59136b8aa38', '2025-04-01 18:15:00', '2025-04-01 18:30:00', 10),('7a088e0d-7ee3-580d-9332-3bbd5176a019', '7c9c6893-7402-48df-9c68-937402f8df02', '2025-04-01 16:15:00', '2025-04-01 16:30:00', 10),('7a1df101-4b87-5510-98f9-183dfaa3c892', '7c9c6893-7402-48df-9c68-937402f8df02', '2025-04-03 19:15:00', '2025-04-03 19:30:00', 10),('7bae95fb-db97-5471-808d-f1894adaf7a1', '45e11ba5-9136-48aa-a11b-a59136b8aa38', '2025-04-04 19:00:00', '2025-04-04 19:15:00', 10),('7c40c049-8085-5c4a-84aa-980e0113af17', '1a945660-cef6-4e73-9456-60cef62e734f', '2025-03-31 15:45:00', '2025-03-31 16:00:00', 10),('7c7524df-13e9-507c-be17-15a669af9002', '1a945660-cef6-4e73-9456-60cef62e734f', '2025-04-01 14:15:00', '2025-04-01 14:30:00', 10),('7d2f204d-c553-5309-aab1-91d370eac517', '7c9c6893-7402-48df-9c68-937402f8df02', '2025-04-03 16:45:00', '2025-04-03 17:00:00', 10),('7d4ee70e-f20b-559e-b349-3b7d9025fef2', '45e11ba5-9136-48aa-a11b-a59136b8aa38', '2025-03-31 14:15:00', '2025-03-31 14:30:00', 10),('7d844e55-d755-52be-ab0a-a0a36cf196ae', '7c9c6893-7402-48df-9c68-937402f8df02', '2025-04-02 16:45:00', '2025-04-02 17:00:00', 10),('7df70d5b-e4d1-535e-bcdd-e1e3c20ab3f2', '1a945660-cef6-4e73-9456-60cef62e734f', '2025-03-31 19:45:00', '2025-03-31 20:00:00', 10),('7e988418-0855-54df-a7c0-b0a88bfaaa6d', '45e11ba5-9136-48aa-a11b-a59136b8aa38', '2025-03-31 19:45:00', '2025-03-31 20:00:00', 10),('7f08c06f-189c-5918-b68c-661ac75a347f', '7c9c6893-7402-48df-9c68-937402f8df02', '2025-04-02 14:00:00', '2025-04-02 14:15:00', 10),('7f1b5aae-0c40-5f1f-8390-1790160f6156', '7c9c6893-7402-48df-9c68-937402f8df02', '2025-04-01 15:00:00', '2025-04-01 15:15:00', 10),('7fae041e-6b6b-5698-9ea6-545a5c1c4c17', '1a945660-cef6-4e73-9456-60cef62e734f', '2025-03-31 18:30:00', '2025-03-31 18:45:00', 10),('8067ed4b-b3e7-5022-aed9-f2e61476d2db', '1a945660-cef6-4e73-9456-60cef62e734f', '2025-04-02 18:45:00', '2025-04-02 19:00:00', 10),('81bde923-6151-5f67-942e-8c74c5494011', '1a945660-cef6-4e73-9456-60cef62e734f', '2025-03-31 15:00:00', '2025-03-31 15:15:00', 10),('82b795ea-1d02-5137-b5ed-cdd1b6c95d42', '1a945660-cef6-4e73-9456-60cef62e734f', '2025-04-01 14:30:00', '2025-04-01 14:45:00', 10),('82c4ab84-5ec7-596e-a8ad-8107d679a423', '7c9c6893-7402-48df-9c68-937402f8df02', '2025-04-03 15:00:00', '2025-04-03 15:15:00', 10),('8353cd39-bf93-59ca-9cb4-16271f91566d', '45e11ba5-9136-48aa-a11b-a59136b8aa38', '2025-04-01 18:45:00', '2025-04-01 19:00:00', 10),('8377aa64-819f-5d0b-818f-40607033d7c2', '7c9c6893-7402-48df-9c68-937402f8df02', '2025-04-02 18:30:00', '2025-04-02 18:45:00', 10),('863668db-e5a8-5c48-bd74-85bd6a2158bb', '7c9c6893-7402-48df-9c68-937402f8df02', '2025-03-31 19:15:00', '2025-03-31 19:30:00', 10),('86a5a0ea-9712-5b81-9012-10ddf3b64adf', '7c9c6893-7402-48df-9c68-937402f8df02', '2025-03-31 17:15:00', '2025-03-31 17:30:00', 10),('88303ff6-3ec6-5515-ab15-fbf64cbc9da3', '7c9c6893-7402-48df-9c68-937402f8df02', '2025-04-03 18:45:00', '2025-04-03 19:00:00', 10),('89323499-98c3-5a35-b546-42a7240d0b18', '45e11ba5-9136-48aa-a11b-a59136b8aa38', '2025-04-03 14:00:00', '2025-04-03 14:15:00', 10),('8a477fab-4b2a-57e6-a72f-51a8788a7e22', '7c9c6893-7402-48df-9c68-937402f8df02', '2025-04-02 18:45:00', '2025-04-02 19:00:00', 10),('8ab11eb0-2c99-59a8-8458-51d7295c3517', '7c9c6893-7402-48df-9c68-937402f8df02', '2025-03-31 18:30:00', '2025-03-31 18:45:00', 10),('8abd1e6e-c086-58e6-8647-707a93a72b89', '1a945660-cef6-4e73-9456-60cef62e734f', '2025-04-01 18:00:00', '2025-04-01 18:15:00', 10),('8b8d53b7-0dc8-52d5-8d00-ebc5ddca834f', '1a945660-cef6-4e73-9456-60cef62e734f', '2025-03-31 16:15:00', '2025-03-31 16:30:00', 10),('8c2e6f1f-a733-560e-a4a1-c89246aadf91', '1a945660-cef6-4e73-9456-60cef62e734f', '2025-04-03 18:00:00', '2025-04-03 18:15:00', 10),('8e10c7ad-02c5-5d42-97f2-d3b9d400f45e', '1a945660-cef6-4e73-9456-60cef62e734f', '2025-03-31 16:45:00', '2025-03-31 17:00:00', 10),('8ef38d92-4d27-5785-ae64-6403fc54494c', '1a945660-cef6-4e73-9456-60cef62e734f', '2025-04-04 18:15:00', '2025-04-04 18:30:00', 10),('8f72b1a2-0590-5b67-af26-7b81b0509d68', '7c9c6893-7402-48df-9c68-937402f8df02', '2025-04-04 18:30:00', '2025-04-04 18:45:00', 10),('904125dc-b5f0-59e1-bb14-96cd8b4b2815', '7c9c6893-7402-48df-9c68-937402f8df02', '2025-04-02 14:15:00', '2025-04-02 14:30:00', 10),('9046d6ca-af81-5b12-a731-55ac7170544b', '45e11ba5-9136-48aa-a11b-a59136b8aa38', '2025-04-04 15:15:00', '2025-04-04 15:30:00', 10),('90733a54-d28d-5e0e-a8c7-306f91f15e70', '45e11ba5-9136-48aa-a11b-a59136b8aa38', '2025-03-31 16:15:00', '2025-03-31 16:30:00', 10),('90cf7c93-5465-507c-929a-6df56ae86702', '1a945660-cef6-4e73-9456-60cef62e734f', '2025-04-01 16:15:00', '2025-04-01 16:30:00', 10),('910a6296-d43e-5c2a-9706-9106bf6e567a', '1a945660-cef6-4e73-9456-60cef62e734f', '2025-04-04 14:30:00', '2025-04-04 14:45:00', 10),('93715529-dd10-527a-a30e-28836f459ba5', '1a945660-cef6-4e73-9456-60cef62e734f', '2025-04-03 18:15:00', '2025-04-03 18:30:00', 10),('939ad2b9-eb11-59ce-a1fa-dc683f8a8378', '45e11ba5-9136-48aa-a11b-a59136b8aa38', '2025-04-01 18:00:00', '2025-04-01 18:15:00', 10),('93b52e00-b198-5138-abc3-768032d9dc81', '45e11ba5-9136-48aa-a11b-a59136b8aa38', '2025-03-31 19:30:00', '2025-03-31 19:45:00', 10),('93cdb726-d340-5f00-86c4-e29b3be80438', '1a945660-cef6-4e73-9456-60cef62e734f', '2025-04-02 14:30:00', '2025-04-02 14:45:00', 10),('94347973-1e72-5c69-9c24-4cd1874ba7cd', '1a945660-cef6-4e73-9456-60cef62e734f', '2025-04-01 17:15:00', '2025-04-01 17:30:00', 10),('95908164-d780-5a77-a8cc-7da53f192912', '45e11ba5-9136-48aa-a11b-a59136b8aa38', '2025-04-02 14:45:00', '2025-04-02 15:00:00', 10),('95f3cbbb-35d1-5ee0-b0c1-57616b3d26fc', '1a945660-cef6-4e73-9456-60cef62e734f', '2025-04-02 19:00:00', '2025-04-02 19:15:00', 10),('9698772c-af6b-50ce-9b5d-8770a3ec5a31', '45e11ba5-9136-48aa-a11b-a59136b8aa38', '2025-03-31 18:30:00', '2025-03-31 18:45:00', 10),('9802347d-d6f0-5b85-b294-f69b2ac2e7e5', '45e11ba5-9136-48aa-a11b-a59136b8aa38', '2025-04-01 15:30:00', '2025-04-01 15:45:00', 10),('986a0c7d-e73d-5738-882e-230c789220c9', '45e11ba5-9136-48aa-a11b-a59136b8aa38', '2025-04-01 19:45:00', '2025-04-01 20:00:00', 10),('99bd88fa-59b2-5c4d-a751-960dc082f32c', '45e11ba5-9136-48aa-a11b-a59136b8aa38', '2025-04-01 16:30:00', '2025-04-01 16:45:00', 10),('99ff0079-445d-5aa9-855f-e9f8a5cd4cf7', '7c9c6893-7402-48df-9c68-937402f8df02', '2025-04-01 18:15:00', '2025-04-01 18:30:00', 10),('9a9bb83f-b41f-5042-8909-2ea671d9901a', '1a945660-cef6-4e73-9456-60cef62e734f', '2025-03-31 17:00:00', '2025-03-31 17:15:00', 10),('9ab8b7ce-3a8c-5ac7-b79a-fd46791b6633', '45e11ba5-9136-48aa-a11b-a59136b8aa38', '2025-04-04 17:00:00', '2025-04-04 17:15:00', 10),('9af78ce7-2fb3-539f-9580-6dce49e30250', '45e11ba5-9136-48aa-a11b-a59136b8aa38', '2025-04-01 16:00:00', '2025-04-01 16:15:00', 10),('9af9fc4a-3204-528b-b925-6e87738c464a', '7c9c6893-7402-48df-9c68-937402f8df02', '2025-04-04 19:45:00', '2025-04-04 20:00:00', 10),('9baf9bad-f63a-548b-a71a-0f7e9eaf1ffe', '1a945660-cef6-4e73-9456-60cef62e734f', '2025-03-31 19:30:00', '2025-03-31 19:45:00', 10),('9ddd66d4-c6d1-51ed-b2e3-8b0c636a5a19', '45e11ba5-9136-48aa-a11b-a59136b8aa38', '2025-03-31 15:45:00', '2025-03-31 16:00:00', 10),('9edb046a-690f-5430-a035-a0c5f3a593bc', '7c9c6893-7402-48df-9c68-937402f8df02', '2025-04-03 19:00:00', '2025-04-03 19:15:00', 10),('9edca9e0-01f7-5671-a0e6-28b0e10bebca', '45e11ba5-9136-48aa-a11b-a59136b8aa38', '2025-04-02 16:45:00', '2025-04-02 17:00:00', 10),('9f3f2326-8ce1-58db-8f1a-5b0c883778bd', '45e11ba5-9136-48aa-a11b-a59136b8aa38', '2025-03-31 18:15:00', '2025-03-31 18:30:00', 10),('9f860473-dc90-579e-a820-d28220a0f80f', '7c9c6893-7402-48df-9c68-937402f8df02', '2025-04-01 18:30:00', '2025-04-01 18:45:00', 10),('a257e452-680e-54c5-95af-1e7bb7313ad2', '45e11ba5-9136-48aa-a11b-a59136b8aa38', '2025-04-03 17:30:00', '2025-04-03 17:45:00', 10),('a3942aa2-94eb-5682-b03a-f1121574a1bc', '45e11ba5-9136-48aa-a11b-a59136b8aa38', '2025-04-02 16:30:00', '2025-04-02 16:45:00', 10),('a3fb53c4-bc0a-5e9d-9cd3-eb95c9a673d7', '1a945660-cef6-4e73-9456-60cef62e734f', '2025-04-01 14:45:00', '2025-04-01 15:00:00', 10),('a50bbfa7-53bb-5e8d-b627-2dafe43b5345', '45e11ba5-9136-48aa-a11b-a59136b8aa38', '2025-04-03 15:30:00', '2025-04-03 15:45:00', 10),('a599aa10-feca-5776-83be-be92af944a12', '1a945660-cef6-4e73-9456-60cef62e734f', '2025-03-31 18:15:00', '2025-03-31 18:30:00', 10),('a5d78af1-8719-5ba9-b9a6-88961698fd2b', '45e11ba5-9136-48aa-a11b-a59136b8aa38', '2025-04-03 15:45:00', '2025-04-03 16:00:00', 10),('a64a70b4-6c1b-5ac6-acb4-d673e4d0942b', '45e11ba5-9136-48aa-a11b-a59136b8aa38', '2025-04-01 16:15:00', '2025-04-01 16:30:00', 10),('a66d7bd5-5775-5e77-b2f1-bb0fcc0a9ffe', '45e11ba5-9136-48aa-a11b-a59136b8aa38', '2025-04-04 14:00:00', '2025-04-04 14:15:00', 10),('a6c6f979-7610-5d9f-8910-69bb592614a0', '7c9c6893-7402-48df-9c68-937402f8df02', '2025-04-03 14:30:00', '2025-04-03 14:45:00', 10),('a6d7f962-7162-548a-9313-327f10f13a24', '7c9c6893-7402-48df-9c68-937402f8df02', '2025-04-03 18:30:00', '2025-04-03 18:45:00', 10),('a76c2f3d-bc39-54a0-95ff-471365917be9', '1a945660-cef6-4e73-9456-60cef62e734f', '2025-04-04 18:30:00', '2025-04-04 18:45:00', 10),('a79936b5-756c-559e-9b0e-23a650972d7e', '7c9c6893-7402-48df-9c68-937402f8df02', '2025-04-02 14:30:00', '2025-04-02 14:45:00', 10),('a81b14f7-31ab-5f50-9dc1-02eb71cc8608', '1a945660-cef6-4e73-9456-60cef62e734f', '2025-04-04 14:15:00', '2025-04-04 14:30:00', 10),('a8cd62a0-881d-5d00-af49-28ad5b07813f', '7c9c6893-7402-48df-9c68-937402f8df02', '2025-03-31 14:00:00', '2025-03-31 14:15:00', 10),('a9886862-8e54-5efb-b1bc-57cacc787e96', '1a945660-cef6-4e73-9456-60cef62e734f', '2025-04-04 18:45:00', '2025-04-04 19:00:00', 10),('ac3a7646-7baa-575f-96af-2745193ae798', '7c9c6893-7402-48df-9c68-937402f8df02', '2025-04-03 17:45:00', '2025-04-03 18:00:00', 10),('ac5e5c22-058e-5911-9e73-d749e93040f1', '1a945660-cef6-4e73-9456-60cef62e734f', '2025-04-03 16:00:00', '2025-04-03 16:15:00', 10),('ad2888df-b400-580e-9fbe-be4d8d59461b', '45e11ba5-9136-48aa-a11b-a59136b8aa38', '2025-04-01 17:30:00', '2025-04-01 17:45:00', 10),('ae461d4d-d2e5-50fb-a6f1-b2d5284ac08e', '7c9c6893-7402-48df-9c68-937402f8df02', '2025-03-31 14:15:00', '2025-03-31 14:30:00', 10),('aecad717-ae96-5bc8-a3b3-178c79d157b8', '1a945660-cef6-4e73-9456-60cef62e734f', '2025-04-03 15:45:00', '2025-04-03 16:00:00', 10),('b028ebdd-ae62-5a90-ac06-e36b3a23591b', '7c9c6893-7402-48df-9c68-937402f8df02', '2025-04-04 18:15:00', '2025-04-04 18:30:00', 10),('b0c0799b-8bf5-58ac-9736-65af9d9a6a6c', '45e11ba5-9136-48aa-a11b-a59136b8aa38', '2025-04-02 16:00:00', '2025-04-02 16:15:00', 10),('b0eca4c2-e4bc-5e41-ac5d-06a69606812d', '45e11ba5-9136-48aa-a11b-a59136b8aa38', '2025-03-31 19:00:00', '2025-03-31 19:15:00', 10),('b1acfb3d-75af-58e9-92c1-4acd6fd7f287', '45e11ba5-9136-48aa-a11b-a59136b8aa38', '2025-04-03 16:30:00', '2025-04-03 16:45:00', 10),('b39c026a-a040-5d2e-bb26-05c0c217555b', '45e11ba5-9136-48aa-a11b-a59136b8aa38', '2025-04-03 19:00:00', '2025-04-03 19:15:00', 10),('b5cf7cfb-7a03-57fa-a560-3634e4b54315', '1a945660-cef6-4e73-9456-60cef62e734f', '2025-04-01 19:30:00', '2025-04-01 19:45:00', 10),('b61b0896-13a9-52b4-b96d-ccc9dcf1cc83', '45e11ba5-9136-48aa-a11b-a59136b8aa38', '2025-04-04 18:15:00', '2025-04-04 18:30:00', 10),('b64d7aa3-93de-5255-8161-7adffdc400f5', '45e11ba5-9136-48aa-a11b-a59136b8aa38', '2025-04-04 18:45:00', '2025-04-04 19:00:00', 10),('b70be1d6-4d88-5337-acbe-448b4caee1fd', '1a945660-cef6-4e73-9456-60cef62e734f', '2025-04-02 15:45:00', '2025-04-02 16:00:00', 10),('b71d08b8-7691-5d61-8a65-cfaf08781894', '1a945660-cef6-4e73-9456-60cef62e734f', '2025-04-03 14:45:00', '2025-04-03 15:00:00', 10),('b83938c7-8805-5064-aa51-d79a3429c4f3', '1a945660-cef6-4e73-9456-60cef62e734f', '2025-04-02 19:30:00', '2025-04-02 19:45:00', 10),('b84eea51-2ae9-5ad7-b8a9-71af3717aa24', '7c9c6893-7402-48df-9c68-937402f8df02', '2025-04-04 18:45:00', '2025-04-04 19:00:00', 10),('b8a03ff3-1569-5144-bc08-ead58e695d8f', '7c9c6893-7402-48df-9c68-937402f8df02', '2025-04-02 16:30:00', '2025-04-02 16:45:00', 10),('b8f18dcc-4e6a-5af8-9465-8c163a7e03e7', '7c9c6893-7402-48df-9c68-937402f8df02', '2025-04-03 14:45:00', '2025-04-03 15:00:00', 10),('b9a92cac-6859-59f2-96e6-313b9f56c545', '45e11ba5-9136-48aa-a11b-a59136b8aa38', '2025-03-31 14:30:00', '2025-03-31 14:45:00', 10),('ba8779c4-401a-5e26-bcbb-94244a2e5b04', '7c9c6893-7402-48df-9c68-937402f8df02', '2025-04-04 14:45:00', '2025-04-04 15:00:00', 10),('bab58a57-2e28-5cb1-82d9-9e9ce5e09d8b', '7c9c6893-7402-48df-9c68-937402f8df02', '2025-03-31 19:30:00', '2025-03-31 19:45:00', 10),('bacf1a90-6dc5-5101-87d9-5e210e5c2a05', '45e11ba5-9136-48aa-a11b-a59136b8aa38', '2025-04-04 15:00:00', '2025-04-04 15:15:00', 10),('bcf9c777-3d33-5a6f-83d3-0ef055178df4', '1a945660-cef6-4e73-9456-60cef62e734f', '2025-04-03 16:15:00', '2025-04-03 16:30:00', 10),('bde82030-1af4-5820-981c-f4180a6576e3', '1a945660-cef6-4e73-9456-60cef62e734f', '2025-04-03 14:00:00', '2025-04-03 14:15:00', 10),('bebb3d89-7f17-52f0-b422-7a3c0dd74b54', '7c9c6893-7402-48df-9c68-937402f8df02', '2025-04-02 17:00:00', '2025-04-02 17:15:00', 10),('becad774-74a6-5262-b9ce-ebba3007519c', '45e11ba5-9136-48aa-a11b-a59136b8aa38', '2025-04-01 17:15:00', '2025-04-01 17:30:00', 10),('bf7ff31f-b6d3-5b2e-82d8-221b71321547', '7c9c6893-7402-48df-9c68-937402f8df02', '2025-04-01 16:30:00', '2025-04-01 16:45:00', 10),('bfcd8771-e1e2-539e-b888-4b03c51f7254', '45e11ba5-9136-48aa-a11b-a59136b8aa38', '2025-03-31 15:15:00', '2025-03-31 15:30:00', 10),('c05c2bde-2454-5cca-8f71-fd232cc7ce28', '1a945660-cef6-4e73-9456-60cef62e734f', '2025-04-04 18:00:00', '2025-04-04 18:15:00', 10),('c120bcbe-b9f5-5e9e-b175-eb66c74348ca', '45e11ba5-9136-48aa-a11b-a59136b8aa38', '2025-04-01 16:45:00', '2025-04-01 17:00:00', 10),('c15fb243-243a-581e-ac2b-0ebd3bfdc32c', '1a945660-cef6-4e73-9456-60cef62e734f', '2025-03-31 18:45:00', '2025-03-31 19:00:00', 10),('c2af9a94-7a92-575a-a2e1-66163dd047da', '45e11ba5-9136-48aa-a11b-a59136b8aa38', '2025-04-03 16:45:00', '2025-04-03 17:00:00', 10),('c2f684d0-9470-5dbf-a366-848c95309800', '7c9c6893-7402-48df-9c68-937402f8df02', '2025-03-31 17:30:00', '2025-03-31 17:45:00', 10),('c31a44c1-aa34-5ea0-98ca-2cdff41e4264', '45e11ba5-9136-48aa-a11b-a59136b8aa38', '2025-03-31 18:45:00', '2025-03-31 19:00:00', 10),('c90ca7f9-4d53-5a74-9617-d19003564021', '7c9c6893-7402-48df-9c68-937402f8df02', '2025-04-03 15:45:00', '2025-04-03 16:00:00', 10),('c96c3239-1364-574b-92a1-aad761cae70a', '1a945660-cef6-4e73-9456-60cef62e734f', '2025-04-03 19:30:00', '2025-04-03 19:45:00', 10),('c9b3b792-a3ee-5118-9331-fb8521cb3843', '45e11ba5-9136-48aa-a11b-a59136b8aa38', '2025-04-02 14:00:00', '2025-04-02 14:15:00', 10),('cc0f1bba-008e-512c-8ae5-4abfbd5173ec', '45e11ba5-9136-48aa-a11b-a59136b8aa38', '2025-03-31 14:00:00', '2025-03-31 14:15:00', 10),('cd450431-b9bc-5402-a52a-64d7a6493edd', '7c9c6893-7402-48df-9c68-937402f8df02', '2025-04-03 18:15:00', '2025-04-03 18:30:00', 10),('ce615ae9-dff6-5b86-ae73-c68582bdbdc8', '7c9c6893-7402-48df-9c68-937402f8df02', '2025-04-03 19:45:00', '2025-04-03 20:00:00', 10),('cf48b297-8c57-5fe0-bde2-dc3910b374f3', '1a945660-cef6-4e73-9456-60cef62e734f', '2025-04-04 16:30:00', '2025-04-04 16:45:00', 10),('d0521666-2836-5f5d-b4ce-637e084f4d11', '45e11ba5-9136-48aa-a11b-a59136b8aa38', '2025-03-31 15:00:00', '2025-03-31 15:15:00', 10),('d120f35f-5fea-5677-b0f5-7402ef3f310b', '45e11ba5-9136-48aa-a11b-a59136b8aa38', '2025-04-03 16:15:00', '2025-04-03 16:30:00', 10),('d3014312-df1a-55f9-9860-7101b6da7c5c', '1a945660-cef6-4e73-9456-60cef62e734f', '2025-04-01 19:45:00', '2025-04-01 20:00:00', 10),('d3ece36b-6b42-5884-a41f-e8310f9c0c91', '1a945660-cef6-4e73-9456-60cef62e734f', '2025-03-31 15:30:00', '2025-03-31 15:45:00', 10),('d471110e-1270-592f-9bbe-a6d6cd3bcccc', '1a945660-cef6-4e73-9456-60cef62e734f', '2025-04-03 18:45:00', '2025-04-03 19:00:00', 10),('d49d6092-c97c-5c11-8d02-5312e2a3b58a', '7c9c6893-7402-48df-9c68-937402f8df02', '2025-04-04 17:45:00', '2025-04-04 18:00:00', 10),('d4fd6df8-da93-5f81-9477-74b23343ef08', '7c9c6893-7402-48df-9c68-937402f8df02', '2025-04-01 15:15:00', '2025-04-01 15:30:00', 10),('d55edf8e-e23a-523d-9a8f-98cf52fa28eb', '45e11ba5-9136-48aa-a11b-a59136b8aa38', '2025-03-31 15:30:00', '2025-03-31 15:45:00', 10),('d64263be-7f3f-512a-827e-58adb7842622', '45e11ba5-9136-48aa-a11b-a59136b8aa38', '2025-04-01 19:15:00', '2025-04-01 19:30:00', 10),('d838efed-4d27-56e2-a4ea-0f3e83a39ecb', '1a945660-cef6-4e73-9456-60cef62e734f', '2025-04-04 19:30:00', '2025-04-04 19:45:00', 10),('d864f43f-cdaf-5f26-ac83-43a0c9cf5f52', '7c9c6893-7402-48df-9c68-937402f8df02', '2025-04-01 18:00:00', '2025-04-01 18:15:00', 10),('d8d99dcf-0d6e-5fcb-9e7c-6d48e75b2008', '1a945660-cef6-4e73-9456-60cef62e734f', '2025-04-02 14:45:00', '2025-04-02 15:00:00', 10),('dbb6325b-f160-5c4c-82d3-ce7cf769f3bd', '1a945660-cef6-4e73-9456-60cef62e734f', '2025-04-01 14:00:00', '2025-04-01 14:15:00', 10),('dc0e4d93-9290-503c-ac40-08e553903d63', '1a945660-cef6-4e73-9456-60cef62e734f', '2025-04-04 17:15:00', '2025-04-04 17:30:00', 10),('dcb16d6f-5822-534b-bc69-39a7bba92c1a', '7c9c6893-7402-48df-9c68-937402f8df02', '2025-04-01 17:00:00', '2025-04-01 17:15:00', 10),('dcfafb51-70ff-5442-ba9b-9b4eb5b3673e', '7c9c6893-7402-48df-9c68-937402f8df02', '2025-03-31 17:45:00', '2025-03-31 18:00:00', 10),('de7d6bda-cd2b-5c9c-a3d4-0b3619bf3d70', '45e11ba5-9136-48aa-a11b-a59136b8aa38', '2025-03-31 17:30:00', '2025-03-31 17:45:00', 10),('e051acf1-f238-59bf-92da-f7e1aa5798ae', '1a945660-cef6-4e73-9456-60cef62e734f', '2025-03-31 14:30:00', '2025-03-31 14:45:00', 10),('e0a6bad5-6b75-5650-a080-e141e58b88cf', '45e11ba5-9136-48aa-a11b-a59136b8aa38', '2025-04-01 14:30:00', '2025-04-01 14:45:00', 10),('e0d55226-4490-5e35-8db1-b007caed69b2', '7c9c6893-7402-48df-9c68-937402f8df02', '2025-04-02 15:30:00', '2025-04-02 15:45:00', 10),('e0d566d7-ca3e-54f6-a282-f05f41ce4148', '7c9c6893-7402-48df-9c68-937402f8df02', '2025-04-02 19:00:00', '2025-04-02 19:15:00', 10),('e10c5542-ac60-5760-b1cd-f228cf2c531b', '45e11ba5-9136-48aa-a11b-a59136b8aa38', '2025-04-02 16:15:00', '2025-04-02 16:30:00', 10),('e13b59d0-38b3-5ada-8a66-601060391a79', '7c9c6893-7402-48df-9c68-937402f8df02', '2025-04-01 16:00:00', '2025-04-01 16:15:00', 10),('e1e8cb18-7a91-5f4d-980f-8da23117e776', '7c9c6893-7402-48df-9c68-937402f8df02', '2025-04-02 16:15:00', '2025-04-02 16:30:00', 10),('e2550a0a-4bf0-5a8c-8588-669d9fad1c80', '45e11ba5-9136-48aa-a11b-a59136b8aa38', '2025-04-03 16:00:00', '2025-04-03 16:15:00', 10),('e4956bec-a38a-59d1-8440-10c9f9f5c825', '7c9c6893-7402-48df-9c68-937402f8df02', '2025-04-02 15:45:00', '2025-04-02 16:00:00', 10),('e4e810c8-e5ed-5129-8889-36328b65fa7d', '7c9c6893-7402-48df-9c68-937402f8df02', '2025-04-04 14:00:00', '2025-04-04 14:15:00', 10),('e54c0191-5099-5c1b-9c54-d281e64b16cc', '45e11ba5-9136-48aa-a11b-a59136b8aa38', '2025-04-02 19:30:00', '2025-04-02 19:45:00', 10),('e58d14d7-340b-5c1f-bf6f-31d1d6965712', '1a945660-cef6-4e73-9456-60cef62e734f', '2025-04-02 15:30:00', '2025-04-02 15:45:00', 10),('e71d7577-d99c-5425-aa7f-6882fa47c094', '7c9c6893-7402-48df-9c68-937402f8df02', '2025-04-01 16:45:00', '2025-04-01 17:00:00', 10),('e932d51d-2d45-5867-a6c6-0f359b9fa9a6', '45e11ba5-9136-48aa-a11b-a59136b8aa38', '2025-03-31 17:00:00', '2025-03-31 17:15:00', 10),('ea2142db-4c2b-5536-a5f2-1bd2c0cfec1d', '7c9c6893-7402-48df-9c68-937402f8df02', '2025-04-01 14:15:00', '2025-04-01 14:30:00', 10),('ea401a9d-0c42-567c-9939-1775ddf5d73c', '1a945660-cef6-4e73-9456-60cef62e734f', '2025-04-04 19:45:00', '2025-04-04 20:00:00', 10),('ea958e65-4d45-5092-b5c8-c394f41759d0', '1a945660-cef6-4e73-9456-60cef62e734f', '2025-04-01 17:30:00', '2025-04-01 17:45:00', 10),('eb1f9c21-db28-5222-9cc4-0d788e94eef3', '1a945660-cef6-4e73-9456-60cef62e734f', '2025-04-02 18:00:00', '2025-04-02 18:15:00', 10),('ed1aebcc-b2b0-591c-8ce7-9831b70bb165', '7c9c6893-7402-48df-9c68-937402f8df02', '2025-03-31 16:30:00', '2025-03-31 16:45:00', 10),('ed4ebef6-4dca-5801-ade7-dc46acbadb39', '7c9c6893-7402-48df-9c68-937402f8df02', '2025-04-03 17:30:00', '2025-04-03 17:45:00', 10),('ede85068-cbe5-555d-b9f7-5557708b232b', '45e11ba5-9136-48aa-a11b-a59136b8aa38', '2025-04-04 19:30:00', '2025-04-04 19:45:00', 10),('ee052ac3-8dbb-5c3f-884a-caedfc51fc46', '1a945660-cef6-4e73-9456-60cef62e734f', '2025-03-31 17:45:00', '2025-03-31 18:00:00', 10),('ee25b458-9c67-55ba-bd07-7be86a314469', '1a945660-cef6-4e73-9456-60cef62e734f', '2025-04-01 17:00:00', '2025-04-01 17:15:00', 10),('ee6abc63-8559-5086-a4b8-824cc142483b', '7c9c6893-7402-48df-9c68-937402f8df02', '2025-03-31 14:45:00', '2025-03-31 15:00:00', 10),('eeaf0ffe-a44b-5699-a6a0-eec9d9db1ee4', '7c9c6893-7402-48df-9c68-937402f8df02', '2025-03-31 16:00:00', '2025-03-31 16:15:00', 10),('ef17786f-dc55-54b8-9bc4-3d14b4843f1b', '45e11ba5-9136-48aa-a11b-a59136b8aa38', '2025-04-01 19:00:00', '2025-04-01 19:15:00', 10),('f06c6d5d-6ab3-5704-933b-16fcef18c278', '1a945660-cef6-4e73-9456-60cef62e734f', '2025-04-03 19:45:00', '2025-04-03 20:00:00', 10),('f0a145c7-3752-5457-be04-6ca24e7e7da0', '7c9c6893-7402-48df-9c68-937402f8df02', '2025-04-03 16:00:00', '2025-04-03 16:15:00', 10),('f1467eb9-b4f5-50be-b8fa-d4b46382e3c1', '7c9c6893-7402-48df-9c68-937402f8df02', '2025-04-01 19:15:00', '2025-04-01 19:30:00', 10),('f153930a-32b6-5a9a-8ec9-43bb0b43d502', '1a945660-cef6-4e73-9456-60cef62e734f', '2025-04-04 15:00:00', '2025-04-04 15:15:00', 10),('f171c504-dfd1-5c30-aaea-f57d7748fdec', '45e11ba5-9136-48aa-a11b-a59136b8aa38', '2025-04-02 15:00:00', '2025-04-02 15:15:00', 10),('f1a220d5-6f80-5057-8dda-9ec28b0e1b6f', '7c9c6893-7402-48df-9c68-937402f8df02', '2025-03-31 19:45:00', '2025-03-31 20:00:00', 10),('f1fe1eee-9cc7-544e-b7c4-ebc43d92cb8b', '7c9c6893-7402-48df-9c68-937402f8df02', '2025-04-04 16:30:00', '2025-04-04 16:45:00', 10),('f22f8c7a-8586-568c-8f94-654de3de02e7', '7c9c6893-7402-48df-9c68-937402f8df02', '2025-04-01 14:45:00', '2025-04-01 15:00:00', 10),('f232a948-a058-5186-ac2f-b142bb95244f', '1a945660-cef6-4e73-9456-60cef62e734f', '2025-04-04 19:00:00', '2025-04-04 19:15:00', 10),('f23469f3-b26b-55a0-9af0-63e86230ea8f', '7c9c6893-7402-48df-9c68-937402f8df02', '2025-03-31 14:30:00', '2025-03-31 14:45:00', 10),('f2a3e087-ac6a-50a2-b694-5e55272cd577', '1a945660-cef6-4e73-9456-60cef62e734f', '2025-04-01 18:30:00', '2025-04-01 18:45:00', 10),('f30da738-cf59-5e54-8e11-c7324aad9cfe', '45e11ba5-9136-48aa-a11b-a59136b8aa38', '2025-04-02 19:00:00', '2025-04-02 19:15:00', 10),('f347c602-0f9c-55e0-9f92-42b92e865a8a', '7c9c6893-7402-48df-9c68-937402f8df02', '2025-04-04 16:45:00', '2025-04-04 17:00:00', 10),('f512fcb9-a7da-5be1-8026-6a2fa835476d', '45e11ba5-9136-48aa-a11b-a59136b8aa38', '2025-04-03 18:00:00', '2025-04-03 18:15:00', 10),('f5e5406d-50c5-55f3-8eb1-57f118f40d8e', '7c9c6893-7402-48df-9c68-937402f8df02', '2025-03-31 15:45:00', '2025-03-31 16:00:00', 10),('f6a6cb38-c0e8-5e76-8a27-7bf4c9f34c0f', '7c9c6893-7402-48df-9c68-937402f8df02', '2025-03-31 18:15:00', '2025-03-31 18:30:00', 10),('f6dc4bab-0c00-5c98-beda-60dff11d5837', '7c9c6893-7402-48df-9c68-937402f8df02', '2025-04-01 17:15:00', '2025-04-01 17:30:00', 10),('f78ea2ad-5d08-5cd8-ac83-4cb4b765ce43', '7c9c6893-7402-48df-9c68-937402f8df02', '2025-03-31 17:00:00', '2025-03-31 17:15:00', 10),('f83b090e-cd0f-5451-af79-1d7a736fcb7c', '7c9c6893-7402-48df-9c68-937402f8df02', '2025-04-03 18:00:00', '2025-04-03 18:15:00', 10),('f8437add-c3d8-5380-b021-ea216ab4d3ee', '1a945660-cef6-4e73-9456-60cef62e734f', '2025-04-03 18:30:00', '2025-04-03 18:45:00', 10),('f86e2e47-4868-5dc2-a9bb-c74dfa0f663a', '1a945660-cef6-4e73-9456-60cef62e734f', '2025-04-03 15:30:00', '2025-04-03 15:45:00', 10),('fad6e89c-9a5e-5a4b-b5a6-4abd3ad8fbe1', '45e11ba5-9136-48aa-a11b-a59136b8aa38', '2025-04-02 15:30:00', '2025-04-02 15:45:00', 10),('faed49e5-5c0f-5e7e-ae6a-f2e99447f637', '7c9c6893-7402-48df-9c68-937402f8df02', '2025-04-02 15:00:00', '2025-04-02 15:15:00', 10),('fb0d4510-af04-5da8-9b84-675c746c6fe6', '7c9c6893-7402-48df-9c68-937402f8df02', '2025-04-04 14:30:00', '2025-04-04 14:45:00', 10),('fba8d399-618f-57dd-a828-e88f91f37c66', '45e11ba5-9136-48aa-a11b-a59136b8aa38', '2025-04-04 17:45:00', '2025-04-04 18:00:00', 10),('fcd90274-d4bb-5dee-8833-e2355b1c9855', '1a945660-cef6-4e73-9456-60cef62e734f', '2025-04-02 14:00:00', '2025-04-02 14:15:00', 10),('fd3ffb49-7b0e-5d6b-9128-95fd489d9a4d', '7c9c6893-7402-48df-9c68-937402f8df02', '2025-04-04 15:30:00', '2025-04-04 15:45:00', 10),('fd996136-a259-5737-a78d-cad6280a02ef', '45e11ba5-9136-48aa-a11b-a59136b8aa38', '2025-04-04 18:30:00', '2025-04-04 18:45:00', 10);
