DELETE FROM UserMontgolfiereSession;
DELETE FROM MontgolfiereSessionSlot;
DELETE FROM Montgolfiere;
DELETE FROM MontgolfiereReservationSlot;
DELETE FROM MontgolfiereReservationApp;
DELETE FROM UserKartingSession;
DELETE FROM KartingSessionSlot;
DELETE FROM KartingCircuit;
DELETE FROM Karting;
DELETE FROM ReservationSlot;
DELETE FROM ReservationApp;
DELETE FROM FormulaireEcurie;
DELETE FROM Ecurie;
DELETE FROM TicketBilletteriePersonnes;
DELETE FROM TicketBilletterieForfaits;
DELETE FROM Tickets;
DELETE FROM BilletteriePersonnes;
DELETE FROM BilletterieForfaits;
DELETE FROM BilletterieCategories;
DELETE FROM Billetteries;
DELETE FROM Point;
DELETE FROM Shape;
DELETE FROM UserOrderArticle;
DELETE FROM UserOrder;
DELETE FROM BoutiqueArticles;
DELETE FROM BoutiqueCategory;
DELETE FROM Boutique;
DELETE FROM PrestataireLink;
DELETE FROM Prestataire;
DELETE FROM Admin;
DELETE FROM User;

INSERT INTO user (`id`, `email`, `first_name`, `last_name`, `password`)
               VALUES('e052f135-13db-4a0d-aa15-f9bffac00359', 'test@gmail.com', 'Test', 'Family', '$2y$10$UwdnOZGp863rcdvYvpkiKOB5Cc3DCt3LtYHvIILE4eWqOGINTgiQO'),('e752b8f4-a2a5-46d4-84dc-1cc5d54a43ff', 'test@test.com', 'Test', 't', '$2a$10$/1XMkYyXXwxTUlxJtkULu.GNzj.2fztjlrHfjiWxOhgo45KLf/ney'),('f4f434b3-f256-484b-8935-29e13126c9e8', 'carla@gmail.com', 'Carla', 'Wilson', '$2y$10$UwdnOZGp863rcdvYvpkiKOB5Cc3DCt3LtYHvIILE4eWqOGINTgiQO');
INSERT INTO admin (`admin_id`, `name`, `password`)
               VALUES(1, 'max', '$2y$10$tGQso6tm1fKzqcJyDarjbOLs9sWVYsJmv42537Kt3p7Rn.uiD3Oja'),(3, 'max', '$2y$10$tGQso6tm1fKzqcJyDarjbOLs9sWVYsJmv42537Kt3p7Rn.uiD3Oja'),(4, 'max', '$2y$10$tGQso6tm1fKzqcJyDarjbOLs9sWVYsJmv42537Kt3p7Rn.uiD3Oja'),(5, 'max', '$2y$10$tGQso6tm1fKzqcJyDarjbOLs9sWVYsJmv42537Kt3p7Rn.uiD3Oja'),(6, 'max', '$2y$10$tGQso6tm1fKzqcJyDarjbOLs9sWVYsJmv42537Kt3p7Rn.uiD3Oja'),(7, 'max', '$2y$10$tGQso6tm1fKzqcJyDarjbOLs9sWVYsJmv42537Kt3p7Rn.uiD3Oja'),(8, 'max', '$2y$10$tGQso6tm1fKzqcJyDarjbOLs9sWVYsJmv42537Kt3p7Rn.uiD3Oja');
INSERT INTO prestataire (`id`, `icon`, `password`, `description`, `name`, `referencer`, `email`, `accentColor`, `banner`)
               VALUES('0b7956e6-1262-49f7-aaab-c5ab60d16cba', '/public/prestataires_icons/codeky_presta.jpg', '$2a$10$eMcDHdcnvFWXlBiEYcKAy.9T9k7DrWXtkepZytO6Z9aLsisubKDYa', NULL, 'Codeky', 'codeky', 'codeky@codeky.com', NULL, NULL),('255da203-781d-4e50-924f-0423638cdb68', '/public/prestataires_icons/montgol_presta.jpg', '$2y$10$GhHncEKGwYMsbC72aLNae..OUpuvCn.a7Tvyq8VkCWn7r5UNXgRim', NULL, 'Mongman', 'mongman', '24hmans@gmail.com', NULL, NULL),('45309281-fc24-4e02-ad47-a275c64f5327', '/public/prestataires_icons/porsche_presta.png', '$2a$10$Jfw2HzNUl/FQk.30LkQJhOa1W3rr1RDT7KUOmTVbN.ucf44w3PlEK', '<p>&nbsp;</p>
<table style="border-collapse: collapse; width: 99.977%;" border="1">
<tbody>
<tr>
<td style="width: 39.4907%;">
<h1><strong>L\h&eacute;ritage de la course</strong></h1>
Porsche et les 24 Heures du Mans : une histoire d\amour qui dure depuis des d&eacute;cennies. De la l&eacute;gendaire 917 &agrave; la derni&egrave;re Hypercar, Porsche a toujours repouss&eacute; les limites de la performance et de l\endurance sur ce circuit mythique. Venez vivre l\&eacute;motion de la course et d&eacute;couvrez notre passion pour l\excellence.</td>
<td style="width: 2.17895%;">&nbsp;</td>
<td style="width: 58.3203%;"><img style="display: block; margin-left: auto; margin-right: auto;" src="https://www.flat6mag.com/medias/images/porsche-911-rsr-24h-du-mans-2021-7-.jpg" alt="porsche-911-rsr-24h-du-mans-2021-7" width="489" height="326" /></td>
</tr>
</tbody>
</table>
<p data-sourcepos="5:1-5:315">&nbsp;</p>
<table style="border-collapse: collapse; width: 99.977%;" border="1">
<tbody>
<tr>
<td style="width: 45.5519%;"><img style="display: block; margin-left: auto; margin-right: auto;" src="https://www.lemans.org/media/cache/component_photo_1600/assets/fileuploads/64/84/6484fed1bdab4.jpg" alt="" width="514" height="343" /></td>
<td style="width: 2.24381%;">&nbsp;</td>
<td style="width: 52.1942%;">
<h1 data-sourcepos="7:1-7:47"><strong>L\Exp&eacute;rience Porsche au Mans</strong></h1>
Plongez au c&oelig;ur de l\action avec Porsche ! Visitez nos &eacute;curies et d&eacute;couvrez les coulisses de la course, o&ugrave; ing&eacute;nieurs et m&eacute;caniciens travaillent sans rel&acirc;che pour optimiser la performance de nos bolides. Notre boutique officielle vous propose une gamme exclusive de produits d&eacute;riv&eacute;s pour emporter un morceau de la l&eacute;gende avec vous.</td>
</tr>
</tbody>
</table>
<p data-sourcepos="11:1-11:49">&nbsp;</p>
<table style="border-collapse: collapse; width: 99.977%;" border="1">
<tbody>
<tr>
<td style="width: 39.5128%;">
<h1 data-sourcepos="11:1-11:49"><strong>La Boutique Officielle Porsche</strong></h1>
Que vous soyez un passionn&eacute; de longue date ou un nouveau venu dans le monde de l\endurance, notre boutique officielle est l\endroit id&eacute;al pour trouver le souvenir parfait des 24 Heures du Mans. Des v&ecirc;tements aux accessoires, en passant par les miniatures de collection, vous trouverez forc&eacute;ment l\objet qui fera battre votre c&oelig;ur de fan.</td>
<td style="width: 2.59764%;">&nbsp;</td>
<td style="width: 57.9657%;"><img style="display: block; margin-left: auto; margin-right: auto;" src="https://www.lemans.org/media/cache/component_photo_1600/assets/fileuploads/66/6b/666b1c165b496.jpg" alt="" width="514" height="343" /></td>
</tr>
</tbody>
</table>
<p data-sourcepos="15:1-15:46">&nbsp;</p>
<table style="border-collapse: collapse; width: 99.977%;" border="1">
<tbody>
<tr>
<td style="width: 45.1209%;"><img src="https://cdn-6.motorsport.com/images/amp/6AE1D716/s1200/4-porsche-penske-motorsport-po.webp" alt="" width="505" height="336" /></td>
<td style="width: 2.50158%;">&nbsp;</td>
<td style="width: 52.3675%;">
<h1 data-sourcepos="15:1-15:46"><strong>Rencontrez l\&Eacute;quipe Porsche</strong></h1>
Venez &agrave; la rencontre des pilotes et des membres de l\&eacute;quipe Porsche ! &Eacute;changez avec eux, prenez des photos et partagez leur passion pour la course. Ils seront ravis de vous faire d&eacute;couvrir leur univers et de vous faire vivre des moments inoubliables.</td>
</tr>
</tbody>
</table>
<p data-sourcepos="19:1-19:60">&nbsp;</p>
<table style="border-collapse: collapse; width: 99.977%;" border="1">
<tbody>
<tr>
<td style="width: 39.5128%;">
<h1 data-sourcepos="19:1-19:60"><strong>L\Innovation au Service de la Performance</strong></h1>
Porsche, c\est aussi un laboratoire d\innovation. Les 24 Heures du Mans sont l\occasion pour nous de tester de nouvelles technologies et de repousser les limites de la performance. D&eacute;couvrez comment notre engagement en comp&eacute;tition se traduit par des avanc&eacute;es technologiques qui profitent &agrave; nos voitures de s&eacute;rie.</td>
<td style="width: 2.86086%;">&nbsp;</td>
<td style="width: 57.6162%;"><img style="display: block; margin-left: auto; margin-right: auto;" src="https://www.endurance-info.com/sites/default/files/styles/image_richtext/public/2025-03/MANTHEY%20Porsche%20911%20GT3...%20%281%29.jpg?itok=iGvc7rdD" alt="" width="425" height="283" /></td>
</tr>
</tbody>
</table>
<p data-sourcepos="23:1-23:49">&nbsp;</p>
<table style="border-collapse: collapse; width: 99.977%;" border="1">
<tbody>
<tr>
<td style="width: 45.38%;"><img style="display: block; margin-left: auto; margin-right: auto;" src="https://www.lemans.org/media/cache/component_photo_1600/assets/fileuploads/67/e1/67e17552c8b9e.jpg" alt="" width="496" height="279" /></td>
<td style="width: 2.41567%;">&nbsp;</td>
<td style="width: 52.1957%;">
<h1 data-sourcepos="23:1-23:49"><strong>Vivez l\Intensit&eacute; de la Course</strong></h1>
Les 24 Heures du Mans, c\est une exp&eacute;rience unique, un m&eacute;lange d\adr&eacute;naline, de passion et d\&eacute;motion. Venez vibrer au rythme des moteurs et encourager l\&eacute;quipe Porsche dans sa qu&ecirc;te de la victoire. L\ambiance sur le circuit est &eacute;lectrique, et vous repartirez avec des souvenirs plein la t&ecirc;te.</td>
</tr>
</tbody>
</table>
<p>&nbsp;</p>', 'Porsche', 'porsche', 'porsche@gmail.com', NULL, NULL),('524aaa51-09c1-48f1-85d3-ac878394e1ff', '/public/prestataires_icons/karting_presta.png', '$2y$10$GnxVPi3XmfkM.2MyKgJNLfe/v3Qj7sLgVx1mqUC/vxeZXS7IE56j8i', NULL, 'Kart24', 'kart24', 'kart24@gmail.com', NULL, NULL),('af3a0f62-5b13-4b19-9d42-736870b268a0', '/public/prestataires_icons/organisateurs_presta.png', '$2y$10$NXLvYYnkO8Nvz7vnuE6GVuszoBjyTFyAH2.vINZ1OinJZC6tRi6D6', NULL, '24h du Mans', '24hdumans', 'mongman@gmail.com', NULL, NULL);
INSERT INTO prestataireLink (`prestataire_id`, `id`, `name`, `url`)
               VALUES('45309281-fc24-4e02-ad47-a275c64f5327', 30, 'Site officiel', 'https://www.porsche.com'),('255da203-781d-4e50-924f-0423638cdb68', 31, 'Nos prestations', 'https://montgolfiere-france.com/bapteme-en-montgolfiere-pres-du-mans/'),('524aaa51-09c1-48f1-85d3-ac878394e1ff', 32, 'Site officiel', 'https://www.lemans-karting.com/karting/sessions-kart'),('af3a0f62-5b13-4b19-9d42-736870b268a0', 33, 'Notre site', 'https://24h.chamallow.fr');
INSERT INTO boutique (`prestataire_id`, `enabled`, `shop_id`)
               VALUES('45309281-fc24-4e02-ad47-a275c64f5327', 1, '867fb638-7cb1-4228-a643-5c4f352f44b1');
INSERT INTO boutiqueCategory (`shop_id`, `category_id`, `category_label`)
               VALUES('867fb638-7cb1-4228-a643-5c4f352f44b1', '9af710a9-9c13-43d7-b710-a99c1323d77d', 'Écusson'),('867fb638-7cb1-4228-a643-5c4f352f44b1', 'be2cff03-7d12-4369-acff-037d12a36993', 'Porte-clé'),('867fb638-7cb1-4228-a643-5c4f352f44b1', 'fdbc099a-04f0-4dbd-bc09-9a04f04dbd49', 'Jouets');
INSERT INTO boutiqueArticles (`shop_id`, `item_id`, `referencer`, `name`, `image`, `price`, `stock`, `description`, `category_id`, `deleted`)
               VALUES('867fb638-7cb1-4228-a643-5c4f352f44b1', 1, 'porte-clé-frein', 'Porte-clé frein', '/public/products_images/porte_cle_frein.jpg', 16.99, 56, NULL, 'be2cff03-7d12-4369-acff-037d12a36993', 0),('867fb638-7cb1-4228-a643-5c4f352f44b1', 2, 'porte-clé-porsche', 'Porte-clé porsche', '/public/products_images/porte_cle_ecusson.jpg', 24.99, 129, NULL, 'be2cff03-7d12-4369-acff-037d12a36993', 0),('867fb638-7cb1-4228-a643-5c4f352f44b1', 3, 'écusson-porsche', 'Écusson Porsche', '/public/products_images/ecusson_porsche.jpg', 34.99, 3, NULL, '9af710a9-9c13-43d7-b710-a99c1323d77d', 0),('867fb638-7cb1-4228-a643-5c4f352f44b1', 5, 'petite-voiture', 'Voiture miniature', '/public/products_images/petite_voiture.jpg', 7.46, 79, NULL, 'fdbc099a-04f0-4dbd-bc09-9a04f04dbd49', 0);
INSERT INTO userOrder (`user_id`, `order_id`, `total_price`, `date`)
               VALUES('e052f135-13db-4a0d-aa15-f9bffac00359', 'a8d2f58f-9f64-492f-8901-0ab956450bf6', 76.97, '2025-03-03 14:16:54'),('e052f135-13db-4a0d-aa15-f9bffac00359', 'dedc1ca8-25ba-4472-b079-85e0d224e9c2', 611.74, '2025-04-02 09:14:35'),('e052f135-13db-4a0d-aa15-f9bffac00359', 'e17e767e-2541-435c-b13d-8eb92366d20a', 511.78, '2025-04-01 14:38:17');
INSERT INTO userOrderArticle (`order_id`, `article_id`, `unit_price`, `amount`)
               VALUES('a8d2f58f-9f64-492f-8901-0ab956450bf6', 1, 16.99, 1),('a8d2f58f-9f64-492f-8901-0ab956450bf6', 2, 24.99, 1),('a8d2f58f-9f64-492f-8901-0ab956450bf6', 3, 34.99, 1),('dedc1ca8-25ba-4472-b079-85e0d224e9c2', 1, 16.99, 11),('dedc1ca8-25ba-4472-b079-85e0d224e9c2', 2, 24.99, 10),('dedc1ca8-25ba-4472-b079-85e0d224e9c2', 3, 34.99, 5),('e17e767e-2541-435c-b13d-8eb92366d20a', 1, 16.99, 11),('e17e767e-2541-435c-b13d-8eb92366d20a', 2, 24.99, 6),('e17e767e-2541-435c-b13d-8eb92366d20a', 3, 34.99, 5);
INSERT INTO shape (`shape_id`, `name`, `logistics`, `surface`, `description`, `provider`, `service`, `category`, `iconUrl`, `type`)
               VALUES(1, 'Tribune 22', 'Sièges, Personnel', '100', 'Tribune accueillant les spectateurs des 24H du Mans.', 'af3a0f62-5b13-4b19-9d42-736870b268a0', 'Billetterie', 'tribunes', NULL, NULL),(2, 'Tribune 21', 'Sièges, Personnel', '100', 'Tribune accueillant les spectateurs des 24H du Mans.', 'af3a0f62-5b13-4b19-9d42-736870b268a0', 'Billetterie', 'tribunes', NULL, NULL),(3, 'Tribune 20', 'Sièges, Personnel', '100', 'Tribune accueillant les spectateurs des 24H du Mans.', 'af3a0f62-5b13-4b19-9d42-736870b268a0', 'Billetterie', 'tribunes', NULL, NULL),(4, 'Tribune 19', 'Sièges, Personnel', '100', 'Tribune accueillant les spectateurs des 24H du Mans.', 'af3a0f62-5b13-4b19-9d42-736870b268a0', 'Billetterie', 'tribunes', NULL, NULL),(5, 'Tribune 18', 'Sièges, Personnel', '125', 'Tribune accueillant les spectateurs des 24H du Mans.', 'af3a0f62-5b13-4b19-9d42-736870b268a0', 'Billetterie', 'tribunes', NULL, NULL),(6, 'Tribune 17', 'Sièges, Personnel', '100', 'Tribune accueillant les spectateurs des 24H du Mans.', 'af3a0f62-5b13-4b19-9d42-736870b268a0', 'Billetterie', 'tribunes', NULL, NULL),(7, 'Tribune 16', 'Sièges, Personnel', '100', 'Tribune accueillant les spectateurs des 24H du Mans.', 'af3a0f62-5b13-4b19-9d42-736870b268a0', 'Billetterie', 'tribunes', NULL, NULL),(8, 'Tribune 15', 'Sièges, Personnel', '100', 'Tribune accueillant les spectateurs des 24H du Mans.', 'af3a0f62-5b13-4b19-9d42-736870b268a0', 'Billetterie', 'tribunes', NULL, NULL),(9, 'Tribune 14', 'Sièges, Personnel', '100', 'Tribune accueillant les spectateurs des 24H du Mans.', 'af3a0f62-5b13-4b19-9d42-736870b268a0', 'Billetterie', 'tribunes', NULL, NULL),(10, 'Tribune 13', 'Sièges, Personnel', '85', 'Tribune accueillant les spectateurs des 24H du Mans.', 'af3a0f62-5b13-4b19-9d42-736870b268a0', 'Billetterie', 'tribunes', NULL, NULL),(11, 'Tribune 12', 'Sièges, Personnel', '100', 'Tribune accueillant les spectateurs des 24H du Mans.', 'af3a0f62-5b13-4b19-9d42-736870b268a0', 'Billetterie', 'tribunes', NULL, NULL),(12, 'Tribune 11', 'Sièges, Personnel', '100', 'Tribune accueillant les spectateurs des 24H du Mans.', 'af3a0f62-5b13-4b19-9d42-736870b268a0', 'Billetterie', 'tribunes', NULL, NULL),(13, 'Tribune 5', 'Sièges, Personnel', '100', 'Tribune accueillant les spectateurs des 24H du Mans.', 'af3a0f62-5b13-4b19-9d42-736870b268a0', 'Billetterie', 'tribunes', NULL, NULL),(14, 'Tribune 34', 'Sièges, Personnel', '780', 'Tribune accueillant les spectateurs des 24H du Mans.', 'af3a0f62-5b13-4b19-9d42-736870b268a0', 'Billetterie', 'tribunes', NULL, NULL),(15, 'Tribune 23', 'Sièges, Personnel', '200', 'Tribune accueillant les spectateurs des 24H du Mans.', 'af3a0f62-5b13-4b19-9d42-736870b268a0', 'Billetterie', 'tribunes', NULL, NULL),(16, 'Parking Nord-Ouest', 'Places, Bornes de recharge', '500', 'Parking pouvant accueillir un grand nombre de véhicules de tout genre, sauf les caravanes. ', '0b7956e6-1262-49f7-aaab-c5ab60d16cba', '', 'parkingsRouge', NULL, NULL),(17, 'Parking Nord-Ouest', 'Places, Bornes de recharge', '1100', 'Parking pouvant accueillir un grand nombre de véhicules de tout genre, sauf les caravanes. ', '0b7956e6-1262-49f7-aaab-c5ab60d16cba', '', 'parkingsRouge', NULL, NULL),(18, 'Parking Nord-Est', 'Places, Bornes de recharge', '785', 'Parking pouvant accueillir un grand nombre de véhicules de tout genre, sauf les caravanes. ', '0b7956e6-1262-49f7-aaab-c5ab60d16cba', '', 'parkingsVip', NULL, NULL),(19, 'Parking Nord-Est', 'Places, Bornes de recharge', '750', 'Parking pouvant accueillir un grand nombre de véhicules de tout genre, sauf les caravanes. ', '0b7956e6-1262-49f7-aaab-c5ab60d16cba', '', 'parkingsVip', NULL, NULL),(20, 'Parking Sud-Ouest', 'Places, Bornes de recharge', '850', 'Parking pouvant accueillir un grand nombre de véhicules de tout genre, sauf les caravanes. ', '0b7956e6-1262-49f7-aaab-c5ab60d16cba', '', 'parkingsBleu', NULL, NULL),(21, 'Parking Sud-Ouest', 'Places, Bornes de recharge', '1700', 'Parking pouvant accueillir un grand nombre de véhicules de tout genre, sauf les caravanes. ', '0b7956e6-1262-49f7-aaab-c5ab60d16cba', '', 'parkingsBleu', NULL, NULL),(22, 'Parking Sud-Ouest', 'Places, Bornes de recharge', '400', 'Parking pouvant accueillir un grand nombre de véhicules de tout genre, sauf les caravanes. ', '0b7956e6-1262-49f7-aaab-c5ab60d16cba', '', 'parkingsBleu', NULL, NULL),(23, 'Base de campement', 'Electricité, Eau, Tentes, Personnel', '250', 'Reposez-vous au sein de notre domaine.', 'af3a0f62-5b13-4b19-9d42-736870b268a0', 'Billetterie', 'emplacements', NULL, NULL),(24, 'Base de campement', 'Electricité, Eau, Tentes, Personnel', '550', 'Reposez-vous au sein de notre domaine.', 'af3a0f62-5b13-4b19-9d42-736870b268a0', 'Billetterie', 'emplacements', NULL, NULL),(25, 'Base de campement', 'Electricité, Eau, Tentes, Personnel', '750', 'Reposez-vous au sein de notre domaine.', 'af3a0f62-5b13-4b19-9d42-736870b268a0', 'Billetterie', 'emplacements', NULL, NULL),(26, 'Base de campement', 'Electricité, Eau, Tentes, Personnel', '425', 'Reposez-vous au sein de notre domaine.', 'af3a0f62-5b13-4b19-9d42-736870b268a0', 'Billetterie', 'emplacements', NULL, NULL),(27, 'Base de campement', 'Electricité, Eau, Tentes, Personnel', '385', 'Reposez-vous au sein de notre domaine.', 'af3a0f62-5b13-4b19-9d42-736870b268a0', 'Billetterie', 'emplacements', NULL, NULL),(28, 'Ecuries piste des 24H du Mans', 'F1, F2, F3, F4, bolides', '1200', 'Garages avec tous les plus grands sponsors, tous au même endroit, rien que pour vous, vos yeux et vos coeurs.', 'af3a0f62-5b13-4b19-9d42-736870b268a0', '', 'garages', NULL, NULL),(29, '', '', '', '', NULL, '', 'garages', NULL, NULL),(30, '', '', '', '', NULL, '', 'garages', NULL, NULL),(31, '', '', '', '', NULL, '', 'garages', NULL, NULL),(32, 'Garage Porsche', 'Voitures, Prototypes, F1, F2, F3, F4', '250', 'Garage dun sponsor.', '45309281-fc24-4e02-ad47-a275c64f5327', 'Ecurie', 'garages', NULL, NULL),(33, '', '', '', '', NULL, '', 'garages', NULL, NULL),(34, '', '', '', '', NULL, '', 'garages', NULL, NULL),(35, '', '', '', '', NULL, '', 'garages', NULL, NULL),(36, '', '', '', '', NULL, '', 'garages', NULL, NULL),(37, '', '', '', '', NULL, '', 'garages', NULL, NULL),(38, '', '', '', '', NULL, '', 'garages', NULL, NULL),(39, '', '', '', '', NULL, '', 'garages', NULL, NULL),(40, '', '', '', '', NULL, '', 'garages', NULL, NULL),(41, '', '', '', '', NULL, '', 'garages', NULL, NULL),(42, '', '', '', '', NULL, '', 'garages', NULL, NULL),(43, '', '', '', '', NULL, '', 'garages', NULL, NULL),(44, '', '', '', '', NULL, '', 'garages', NULL, NULL),(45, '', '', '', '', NULL, '', 'garages', NULL, NULL),(46, 'Garage Kart24', 'Voitures, Prototypes, Karts', '300', 'Garage dun sponsor.', '524aaa51-09c1-48f1-85d3-ac878394e1ff', '', 'garages', NULL, NULL),(47, 'Base de campement', 'Electricité, Eau, Tentes, Personnel', '800', 'Reposez-vous au sein de notre domaine.', 'af3a0f62-5b13-4b19-9d42-736870b268a0', 'Billetterie', 'emplacements', NULL, NULL),(48, '', '', '', '', NULL, '', 'garages', NULL, NULL),(49, '', '', '', '', NULL, '', 'garages', NULL, NULL),(50, '', '', '', '', NULL, '', 'garages', NULL, NULL),(51, 'Parking Nord-Ouest', 'Places, Bornes de recharge', '450', 'Parking pouvant accueillir un grand nombre de véhicules de tout genre, sauf les caravanes. ', '0b7956e6-1262-49f7-aaab-c5ab60d16cba', '', 'parkingsVip', NULL, NULL),(52, 'Parking Central', 'Places, Bornes de recharge', '850', 'Parking pouvant accueillir un grand nombre de véhicules de tout genre, sauf les caravanes. ', '0b7956e6-1262-49f7-aaab-c5ab60d16cba', '', 'parkingsVip', NULL, NULL),(53, 'Boutique Kart24', 'Aire de jeu, Boutique, Fast Food', '125', 'Retrouvez tous ce quil vous faut au sein du village des 24H du Mans, boutique, fast food, aire de repos et de jeux.', '524aaa51-09c1-48f1-85d3-ac878394e1ff', '', 'boutique', NULL, NULL),(54, 'Boutique 24H du Mans', 'Aire de jeu, Boutique, Fast Food', '125', 'Retrouvez tous ce quil vous faut au sein du village des 24H du Mans, boutique, fast food, aire de repos et de jeux.', '255da203-781d-4e50-924f-0423638cdb68', '', 'boutique', NULL, NULL),(55, 'Boutique Porsche', 'Aire de jeu, Boutique, Fast Food', '125', 'Retrouvez tous ce quil vous faut au sein du village des 24H du Mans, boutique, fast food, aire de repos et de jeux.', '45309281-fc24-4e02-ad47-a275c64f5327', 'Boutique', 'boutique', NULL, NULL),(56, '', '', '', '', NULL, '', 'boutique', NULL, NULL),(57, 'Boutique 24H du Mans', 'Aire de jeu, Boutique, Fast Food', '125', 'Retrouvez tous ce quil vous faut au sein du village des 24H du Mans, boutique, fast food, aire de repos et de jeux.', 'af3a0f62-5b13-4b19-9d42-736870b268a0', '', 'boutique', NULL, NULL),(58, '', '', '', '', NULL, '', 'garages', NULL, NULL),(59, '', '', '', '', NULL, '', 'garages', NULL, NULL),(60, '', '', '', '', NULL, '', 'boutique', NULL, NULL),(61, '', '', '', '', NULL, '', 'boutique', NULL, NULL),(62, 'Boutique Codeky', 'Aire de jeu, Boutique, Fast Food', '125', 'Retrouvez tous ce quil vous faut au sein du village des 24H du Mans, boutique, fast food, aire de repos et de jeux.', '0b7956e6-1262-49f7-aaab-c5ab60d16cba', '', 'boutique', NULL, NULL),(63, 'Parking Nord-Est', 'Places, Bornes de recharge', '650', 'Parking pouvant accueillir un grand nombre de véhicules de tout genre, sauf les caravanes. ', '0b7956e6-1262-49f7-aaab-c5ab60d16cba', '', 'parkingsRouge', NULL, NULL),(64, 'Parking Nord-Est', 'Places, Bornes de recharge', '350', 'Parking pouvant accueillir un grand nombre de véhicules de tout genre, sauf les caravanes. ', '0b7956e6-1262-49f7-aaab-c5ab60d16cba', '', 'parkingsRouge', NULL, NULL),(65, 'Site Est de départ de Montgolfière', 'Gaz, Montgolfière, Personnel', '200', 'Site de départ des montgolfières Est, grand tour au dessus des 24H Du Mans.', '255da203-781d-4e50-924f-0423638cdb68', '', 'montgolfieres', NULL, NULL),(66, 'Site Ouest de départ de Montgolfière', 'Gaz, Montgolfière, Personnel', '150', 'Site de départ des montgolfières Ouest, grand tour au dessus des 24H Du Mans.', '255da203-781d-4e50-924f-0423638cdb68', '', 'montgolfieres', NULL, NULL),(67, 'Piste Karting Pro', 'Essences, Karts, Personnels', '650', 'Piste avec Karts très puissants, réservé aux personnes qualifiés.', '524aaa51-09c1-48f1-85d3-ac878394e1ff', '', 'pistes', NULL, NULL),(68, 'Piste Karting Amateur', 'Essences, Karts, Personnels', '525', 'Piste avec Karts moyennement puissants, réservé aux personnes amateurs.', '524aaa51-09c1-48f1-85d3-ac878394e1ff', '', 'pistes', NULL, NULL),(69, 'Piste Karting Débutant', 'Essences, Karts, Personnels', '350', 'Piste avec Karts de location, réservé aux personnes débutantes et tout type dâge.', '524aaa51-09c1-48f1-85d3-ac878394e1ff', '', 'pistes', NULL, NULL);
INSERT INTO point (`point_id`, `lat`, `lng`, `shape_id`)
               VALUES(1, 47.94976405693712, 0.2070558071136475, 1),(2, 47.949426314751214, 0.20706117153167725, 1),(3, 47.94942990776481, 0.2071630954742432, 1),(4, 47.94977124291711, 0.2071577310562134, 1),(5, 47.94992574124491, 0.20713090896606448, 2),(6, 47.950202399887125, 0.20714163780212402, 2),(7, 47.95019880692722, 0.20698070526123047, 2),(8, 47.949929334223775, 0.20698070526123047, 2),(9, 47.9502742590324, 0.20713627338409427, 3),(10, 47.950784456090794, 0.2071470022201538, 3),(11, 47.95079523484753, 0.20698606967926028, 3),(12, 47.950256294255446, 0.20698070526123047, 3),(13, 47.950881464820704, 0.20715236663818362, 4),(14, 47.951398841638124, 0.2071630954742432, 4),(15, 47.95139524876142, 0.20700216293334964, 4),(16, 47.950874278995094, 0.20699679851531985, 4),(17, 47.95151740642928, 0.20721137523651126, 5),(18, 47.95151381356082, 0.20710945129394534, 5),(19, 47.95147069911979, 0.20709872245788574, 5),(20, 47.951477884862456, 0.20700216293334964, 5),(21, 47.95151022069211, 0.206943154335022, 5),(22, 47.95157129942622, 0.2069324254989624, 5),(23, 47.952131783262786, 0.2069377899169922, 5),(24, 47.952131783262786, 0.2072328329086304, 5),(25, 47.95255214215088, 0.20724356174468997, 6),(26, 47.952164118683264, 0.20722746849060059, 6),(27, 47.95216771150653, 0.20706653594970706, 6),(28, 47.95223597510079, 0.20707726478576663, 6),(29, 47.952573698924745, 0.20707726478576663, 6),(30, 47.95263836919244, 0.20729184150695804, 7),(31, 47.95299764698358, 0.2073025703430176, 7),(32, 47.95299764698358, 0.20709335803985598, 7),(33, 47.95263836919244, 0.20707726478576663, 7),(34, 47.95307309500239, 0.20731866359710696, 8),(35, 47.95343596250611, 0.20731866359710696, 8),(36, 47.953432369771036, 0.2071201801300049, 8),(37, 47.953076687762426, 0.20710408687591553, 8),(38, 47.953489853502205, 0.20732939243316653, 9),(39, 47.95385271807936, 0.2073776721954346, 9),(40, 47.9538742743107, 0.20718991756439212, 9),(41, 47.9535078171551, 0.2071255445480347, 9),(42, 47.95392816484968, 0.2073776721954346, 10),(43, 47.95415450449967, 0.2074152231216431, 10),(44, 47.95416887523762, 0.20727038383483887, 10),(45, 47.95393894295072, 0.20723819732666018, 10),(46, 47.95432336041821, 0.2074152231216431, 11),(47, 47.95468262649409, 0.20746350288391116, 11),(48, 47.95470058973232, 0.20726501941680908, 11),(49, 47.954330545764215, 0.20721673965454104, 11),(50, 47.95518918741696, 0.20739912986755374, 12),(51, 47.9551784095767, 0.20760834217071536, 12),(52, 47.954797591110804, 0.20753860473632815, 12),(53, 47.9548227395866, 0.20733475685119632, 12),(54, 47.95764288386666, 0.21063923835754397, 13),(55, 47.95727286097019, 0.21007597446441653, 13),(56, 47.957197419083556, 0.21018862724304202, 13),(57, 47.95757103496789, 0.21075189113616946, 13),(58, 47.95239405886763, 0.20801067352294922, 14),(59, 47.952383280444366, 0.20823597908020022, 14),(60, 47.95195573450744, 0.20821988582611084, 14),(61, 47.95195214166944, 0.20867586135864258, 14),(62, 47.95186591348283, 0.20869195461273196, 14),(63, 47.951887470542964, 0.2082091569900513, 14),(64, 47.951499442084476, 0.20819842815399173, 14),(65, 47.9514886634746, 0.20869195461273196, 14),(66, 47.95140962026675, 0.20868659019470218, 14),(67, 47.95141680601792, 0.20819306373596194, 14),(68, 47.951039552731125, 0.20818233489990234, 14),(69, 47.951021588220215, 0.20865976810455325, 14),(70, 47.95093895138954, 0.20866513252258304, 14),(71, 47.95096050883636, 0.20816624164581302, 14),(72, 47.950565287549004, 0.20816624164581302, 14),(73, 47.9505545087443, 0.2086436748504639, 14),(74, 47.95046468528417, 0.20864903926849368, 14),(75, 47.95048264998868, 0.20815551280975345, 14),(76, 47.95027785198703, 0.20814478397369388, 14),(77, 47.9502742590324, 0.20792484283447268, 14),(78, 47.94793519254747, 0.20727038383483887, 15),(79, 47.9473135795019, 0.20756006240844727, 15),(80, 47.947274054720204, 0.20742058753967288, 15),(81, 47.94791004071968, 0.20713627338409427, 15),(82, 47.9589806266146, 0.20596095988752788, 16),(83, 47.95879309513009, 0.20747891777187724, 16),(84, 47.958731989917965, 0.20754863683384087, 16),(85, 47.95779743060979, 0.20747891777187724, 16),(86, 47.95770037925118, 0.20736093166699113, 16),(87, 47.95726184861711, 0.20598263944187956, 16),(88, 47.95734452270986, 0.20539270891748898, 16),(89, 47.95892608857722, 0.20585929033223316, 16),(90, 47.96025362073041, 0.20821267003390712, 17),(91, 47.95988699873832, 0.20815903998622434, 17),(92, 47.95942692040045, 0.20807323190993993, 17),(93, 47.95926157874698, 0.20807323190993993, 17),(94, 47.959240012405374, 0.20892058666314386, 17),(95, 47.959196879695085, 0.20911365483475391, 17),(96, 47.959053103734064, 0.2092638189682417, 17),(97, 47.95861458458174, 0.20917801089195723, 17),(98, 47.95837016245511, 0.20928527098728278, 17),(99, 47.958223443327505, 0.20936181719425576, 17),(100, 47.958467866148254, 0.2098981176709236, 17),(101, 47.959330525684585, 0.21134612895803875, 17),(102, 47.959495867117376, 0.21160355318685214, 17),(103, 47.96020767999338, 0.2127726882260728, 17),(104, 47.96050960230179, 0.21334116673138231, 17),(105, 47.96077558001634, 0.21394182326529346, 17),(106, 47.96096967099781, 0.2144244936943185, 17),(107, 47.96135136714892, 0.2154434646000514, 17),(108, 47.961649127034356, 0.2163451842975617, 17),(109, 47.961663503926, 0.21439305056234037, 17),(110, 47.96101653984118, 0.2129343132657047, 17),(111, 47.96068586618006, 0.21212986255066293, 17),(112, 47.96051333995138, 0.21165791813115845, 17),(113, 47.96036956765403, 0.21087491943515785, 17),(114, 47.96022579495656, 0.20998466064383162, 17),(115, 47.96017547441792, 0.20956634627200987, 17),(116, 47.96022579495656, 0.20862245743300092, 17),(117, 47.95937402567139, 0.22103338430037314, 18),(118, 47.95928057166267, 0.22118354843386093, 18),(119, 47.958475422431725, 0.22156968477708097, 18),(120, 47.95823099964672, 0.22150532871987763, 18),(121, 47.95642654860269, 0.2207437820429581, 18),(122, 47.95666379078427, 0.21961755104185968, 18),(123, 47.957468968247746, 0.21998223536603856, 18),(124, 47.95767026065304, 0.22003586541372136, 18),(125, 47.95785717432714, 0.22003586541372136, 18),(126, 47.958072843110855, 0.219971509356518, 18),(127, 47.95859044451866, 0.21974626315626636, 18),(128, 47.9587342217672, 0.2197140851276647, 18),(129, 47.95890675393733, 0.2198427972421113, 18),(130, 47.959223061419436, 0.22030401565205532, 18),(131, 47.959409969475864, 0.22061506992855145, 18),(132, 47.95948185700983, 0.22076523406203918, 18),(133, 47.95941715823377, 0.22089394617644587, 18),(134, 47.96090003929409, 0.21860056544588338, 19),(135, 47.96141761237733, 0.21997349466623467, 19),(136, 47.96187767298694, 0.221174807734057, 19),(137, 47.96141761237733, 0.22229031272559488, 19),(138, 47.96088689437265, 0.22206922560590317, 19),(139, 47.96103066523028, 0.22056758427114526, 19),(140, 47.96094440276373, 0.21949498331772954, 19),(141, 47.950060601542816, 0.20603219235749037, 20),(142, 47.94770220830159, 0.20446619496548915, 20),(143, 47.94655173352094, 0.20710479331090603, 20),(144, 47.947932300184654, 0.20654704081511716, 20),(145, 47.94839248087776, 0.20637542466258824, 20),(146, 47.94883827701693, 0.20637542466258824, 20),(147, 47.949269688974205, 0.20637542466258824, 20),(148, 47.950060601542816, 0.206332520624426, 20),(149, 47.947572781167196, 0.2043589348701636, 21),(150, 47.944065953471046, 0.2021245444935227, 21),(151, 47.94376209667442, 0.20174156807486468, 21),(152, 47.94276973805143, 0.20049735096888013, 21),(153, 47.94314367252297, 0.20455178257277054, 21),(154, 47.94328749275333, 0.2057959996787551, 21),(155, 47.94337378469945, 0.20684714861308964, 21),(156, 47.94360389585156, 0.20710457284190298, 21),(157, 47.943834005979305, 0.20716892889910635, 21),(158, 47.94426545970787, 0.20721183293722858, 21),(159, 47.94643705546046, 0.20710457284190298, 21),(160, 47.9431193050635, 0.2063790679229616, 22),(161, 47.94163793270639, 0.20660431412321326, 22),(162, 47.94142219532671, 0.20560679523652153, 22),(163, 47.940429791783934, 0.2058320414367332, 22),(164, 47.94065991604118, 0.20759110700034447, 22),(165, 47.941098587569066, 0.20752675094314113, 22),(166, 47.942126934100465, 0.20746239488593782, 22),(167, 47.94325593435622, 0.2073873128191739, 22),(168, 47.95621039274456, 0.21908106293148322, 23),(169, 47.95612412222934, 0.2180299139971487, 23),(170, 47.95608597264897, 0.21796094820419223, 23),(171, 47.955341934421696, 0.21904431897828316, 23),(172, 47.955927861041005, 0.22001502284113353, 23),(173, 47.95598896956961, 0.21908722301644537, 23),(174, 47.95607272167667, 0.21792353577775542, 24),(175, 47.955116546203115, 0.21929646499810665, 24),(176, 47.95424303209053, 0.2180468848874018, 24),(177, 47.95381029390902, 0.2185557852494924, 24),(178, 47.95457237926881, 0.2198858104317214, 24),(179, 47.95319917960419, 0.2194031400026564, 24),(180, 47.95271923179654, 0.21864227734493816, 24),(181, 47.95484375574316, 0.21575672356641817, 24),(182, 47.9549336230869, 0.2158318056331821, 24),(183, 47.95309323436196, 0.21783678081542138, 25),(184, 47.95274813061866, 0.21833017725400697, 25),(185, 47.95266904401955, 0.21816928711099862, 25),(186, 47.952503680739376, 0.2183623552826086, 25),(187, 47.95264028522622, 0.21858760148282033, 25),(188, 47.95245335267952, 0.21900591585464207, 25),(189, 47.95237426562926, 0.21902736787372315, 25),(190, 47.95225203994987, 0.2189415597974387, 25),(191, 47.95026936004262, 0.21556233258090973, 25),(192, 47.94917646389674, 0.21381399302681903, 25),(193, 47.948572485058705, 0.21288083019737059, 25),(194, 47.948191399541095, 0.21284865216876894, 25),(195, 47.9481842092213, 0.21188331131071883, 25),(196, 47.94977324557769, 0.21293446024505341, 25),(197, 47.95130449566493, 0.21372785424707, 25),(198, 47.951793405612456, 0.21415689462845228, 25),(199, 47.951426723585435, 0.21516513952466457, 25),(200, 47.9481427524243, 0.21283669096757943, 26),(201, 47.94805646843954, 0.2117855420332449, 26),(202, 47.94790547111959, 0.21094891328960144, 26),(203, 47.94759628475461, 0.20980123026946187, 26),(204, 47.946819715495124, 0.2100479284887147, 26),(205, 47.9466399524294, 0.21032680473660917, 26),(206, 47.94688443004571, 0.2123969245767166, 26),(207, 47.946970715987156, 0.2124720066434405, 26),(208, 47.94711452556947, 0.21253636270064383, 26),(209, 47.947193620669154, 0.2126865268341316, 26),(210, 47.94727990609441, 0.21280451293897776, 26),(211, 47.94142184918883, 0.21839395104697348, 27),(212, 47.94048697680013, 0.21541212039649874, 27),(213, 47.93992604525197, 0.2147471078053842, 27),(214, 47.938962379408714, 0.21501525804371815, 27),(215, 47.93977502417987, 0.21743933619844394, 27),(216, 47.94059484755393, 0.2192091277715358, 27),(217, 47.95056474860335, 0.2089333534240723, 28),(218, 47.95055037686306, 0.20945906639099124, 28),(219, 47.950636607244796, 0.20955562591552737, 28),(220, 47.953058185040014, 0.20964682102203372, 28),(221, 47.95307614884295, 0.2089333534240723, 28),(222, 47.95168213917449, 0.20887970924377441, 28),(223, 47.95166776774496, 0.20923376083374026, 28),(224, 47.95151686749355, 0.20922839641571048, 28),(225, 47.951502496018044, 0.20904600620269775, 28),(226, 47.951480938797296, 0.20887434482574466, 28),(227, 47.95084140382476, 0.20885288715362552, 28),(228, 47.95107781715147, 0.20982384681701663, 29),(229, 47.950883800246714, 0.20980775356292727, 29),(230, 47.95089098607098, 0.2100169658660889, 29),(231, 47.95107063135316, 0.21018862724304202, 29),(232, 47.95146225590376, 0.21042466163635257, 30),(233, 47.95113889639666, 0.21038174629211429, 30),(234, 47.95111374612797, 0.21029591560363772, 30),(235, 47.95112811771159, 0.20974338054656985, 30),(236, 47.95152333469456, 0.20977556705474856, 30),(237, 47.95123231157322, 0.2104514837265015, 31),(238, 47.95148740600284, 0.2104836702346802, 31),(239, 47.95150177748255, 0.21031737327575686, 31),(240, 47.9516634563537, 0.21036565303802493, 31),(241, 47.9519293271753, 0.21069288253784182, 31),(242, 47.95208022622229, 0.21119177341461184, 31),(243, 47.951997591084464, 0.2113473415374756, 31),(244, 47.951932920014855, 0.21130442619323733, 31),(245, 47.951864656020255, 0.21125614643096927, 31),(246, 47.95164926451806, 0.20981311798095706, 32),(247, 47.95192232109355, 0.2097916603088379, 32),(248, 47.95205166317834, 0.20989894866943362, 32),(249, 47.95274202108608, 0.2099740505218506, 32),(250, 47.95270968602722, 0.21090209484100345, 32),(251, 47.95242226239243, 0.21086454391479495, 32),(252, 47.952285735605884, 0.21078407764434817, 32),(253, 47.952174358223395, 0.2106285095214844, 32),(254, 47.951710882021565, 0.2099740505218506, 32),(255, 47.95387157978228, 0.21128833293914795, 33),(256, 47.952366214602876, 0.2110952138900757, 33),(257, 47.952190166646155, 0.21144390106201175, 33),(258, 47.953828467308355, 0.21162629127502444, 33),(259, 47.95396858271702, 0.21027982234954837, 34),(260, 47.95359494078297, 0.2102369070053101, 34),(261, 47.9535626062578, 0.21101474761962893, 34),(262, 47.953936248425656, 0.21104156970977786, 34),(263, 47.95354536115846, 0.21024227142333987, 35),(264, 47.95315734514887, 0.2101939916610718, 35),(265, 47.953132195862516, 0.21096646785736087, 35),(266, 47.95351661933176, 0.21098256111145022, 35),(267, 47.95302728728984, 0.21018862724304202, 36),(268, 47.95278297880375, 0.2101564407348633, 36),(269, 47.952761422117185, 0.2109235525131226, 36),(270, 47.95299495240947, 0.21092891693115237, 36),(271, 47.94910024772768, 0.20978093147277835, 37),(272, 47.94905713127305, 0.2096521854400635, 37),(273, 47.94897089825589, 0.20959854125976565, 37),(274, 47.94881999012958, 0.20951807498931888, 37),(275, 47.948543324086955, 0.20945370197296145, 37),(276, 47.94849302101099, 0.20938932895660403, 37),(277, 47.94847505561484, 0.209464430809021, 37),(278, 47.9483636700194, 0.20931422710418704, 37),(279, 47.9483528907555, 0.20923912525177005, 37),(280, 47.94819838772572, 0.20923912525177005, 37),(281, 47.9481947946265, 0.20910501480102542, 37),(282, 47.94826306346881, 0.20901918411254886, 37),(283, 47.94815167741648, 0.20894944667816165, 37),(284, 47.948061849780075, 0.20890653133392337, 37),(285, 47.947950463294106, 0.2088636159896851, 37),(286, 47.947846262815695, 0.2088636159896851, 37),(287, 47.947551625843424, 0.20894944667816165, 37),(288, 47.94763067495209, 0.2095770835876465, 37),(289, 47.94769175827138, 0.20960927009582522, 37),(290, 47.947907345880246, 0.20957171916961673, 37),(291, 47.94809418774717, 0.20956099033355716, 37),(292, 47.94843553172136, 0.2096575498580933, 37),(293, 47.948510986400876, 0.2096199989318848, 37),(294, 47.948794838732354, 0.20964145660400393, 37),(295, 47.947537971883264, 0.20944297313690188, 38),(296, 47.94747688838217, 0.2089333534240723, 38),(297, 47.94709601315873, 0.209040641784668, 38),(298, 47.94686245620892, 0.20915865898132327, 38),(299, 47.946661237067396, 0.20931422710418704, 38),(300, 47.94672232153246, 0.20977556705474856, 38),(301, 47.946443667978215, 0.20985603332519534, 39),(302, 47.94631431185761, 0.20934104919433594, 39),(303, 47.94577730084517, 0.20953953266143802, 39),(304, 47.94588150549476, 0.2100813388824463, 39),(305, 47.945856352667555, 0.21010816097259524, 40),(306, 47.945752147967255, 0.2095502614974976, 40),(307, 47.94557248419751, 0.2096199989318848, 40),(308, 47.94552936479985, 0.20967900753021243, 40),(309, 47.944742429473955, 0.20999550819396975, 40),(310, 47.94464181587441, 0.21002769470214847, 40),(311, 47.94446574160395, 0.2101939916610718, 40),(312, 47.94454838878519, 0.21060168743133548, 40),(313, 47.944742429473955, 0.21047294139862063, 40),(314, 47.944746022813185, 0.21053731441497803, 40),(315, 47.94554014465264, 0.211063027381897, 41),(316, 47.94543953260587, 0.21052658557891848, 41),(317, 47.94548265207846, 0.21039247512817386, 41),(318, 47.94476758284323, 0.21066606044769287, 41),(319, 47.9447711761807, 0.21136343479156497, 41),(320, 47.945622790116, 0.21137952804565432, 42),(321, 47.94547187221369, 0.21053731441497803, 42),(322, 47.94551499165931, 0.21038174629211429, 42),(323, 47.94614381282063, 0.21012961864471436, 42),(324, 47.94626957613489, 0.21119177341461184, 42),(325, 47.94654625434909, 0.21036028861999514, 43),(326, 47.94643127137498, 0.2101993560791016, 43),(327, 47.94618333846665, 0.2102905511856079, 43),(328, 47.9463198813749, 0.21128296852111816, 43),(329, 47.94663249141179, 0.21119713783264163, 43),(330, 47.94677262633183, 0.21237194538116458, 44),(331, 47.94664327103451, 0.21123468875885013, 44),(332, 47.94632347460447, 0.21134197711944583, 44),(333, 47.946406118815304, 0.21207153797149658, 44),(334, 47.94648516967594, 0.21205008029937747, 44),(335, 47.9465498475629, 0.2125060558319092, 44),(336, 47.94671872833063, 0.2124738693237305, 44),(337, 47.94638096624338, 0.21206617355346682, 45),(338, 47.94627676260073, 0.21121323108673098, 45),(339, 47.94560841700141, 0.2114224433898926, 45),(340, 47.94555092450319, 0.2110952138900757, 45),(341, 47.9447711761807, 0.21140635013580325, 45),(342, 47.94477836285488, 0.21277427673339847, 45),(343, 47.94501552254265, 0.21292448043823245, 45),(344, 47.94573418161837, 0.2127635478973389, 45),(345, 47.945859945929335, 0.2124685049057007, 45),(346, 47.94592821785568, 0.21234512329101565, 45),(347, 47.94600008294393, 0.21230757236480716, 45),(348, 47.94635940688627, 0.21220028400421143, 45),(349, 47.94633066106281, 0.21206080913543704, 45),(350, 47.94461306909571, 0.2107411623001099, 46),(351, 47.94389080103397, 0.2108055353164673, 46),(352, 47.94391236142074, 0.2114653587341309, 46),(353, 47.944271699876516, 0.21140635013580325, 46),(354, 47.94429685347486, 0.21220564842224124, 46),(355, 47.94394110858913, 0.21224319934844973, 46),(356, 47.943977042527145, 0.2129781246185303, 46),(357, 47.94465259591228, 0.2129083871841431, 46),(358, 47.95128997735212, 0.21759152412414554, 47),(359, 47.95048516503586, 0.21813869476318362, 47),(360, 47.94922043464411, 0.21584272384643555, 47),(361, 47.94908389939856, 0.21597146987915042, 47),(362, 47.949055155090385, 0.2162289619445801, 47),(363, 47.949184504351315, 0.21657228469848636, 47),(364, 47.94833654218998, 0.21773099899291995, 47),(365, 47.94947913201492, 0.2217650413513184, 47),(366, 47.94999652287169, 0.22152900695800784, 47),(367, 47.94991747738159, 0.22098183631896973, 47),(368, 47.95160615019005, 0.22032737731933597, 47),(369, 47.95151273568926, 0.22015571594238284, 47),(370, 47.9515774072847, 0.22000551223754886, 47),(371, 47.95057858139411, 0.21831035614013675, 47),(372, 47.951376206499766, 0.21772027015686038, 47),(373, 47.955029315888986, 0.21040320396423343, 48),(374, 47.954935907576285, 0.21032810211181643, 48),(375, 47.95459101388201, 0.21029591560363772, 48),(376, 47.954447307496636, 0.21039247512817386, 48),(377, 47.9543395274453, 0.21041393280029297, 48),(378, 47.95426767395287, 0.2105212211608887, 48),(379, 47.95420300572423, 0.2107787132263184, 48),(380, 47.954188634995774, 0.21097183227539065, 48),(381, 47.95451916073928, 0.21155118942260745, 48),(382, 47.95463412571969, 0.21173357963562014, 48),(383, 47.9548281285441, 0.21180868148803714, 48),(384, 47.954986204381036, 0.211787223815918, 48),(385, 47.955898723622305, 0.2111220359802246, 49),(386, 47.95558257704822, 0.2113902568817139, 49),(387, 47.95546761417807, 0.21140098571777347, 49),(388, 47.955079612602795, 0.21180868148803714, 49),(389, 47.95518020588356, 0.21039247512817386, 49),(390, 47.95555383635465, 0.2105855941772461, 49),(391, 47.95575502087391, 0.2108430862426758, 49),(392, 47.95506380509138, 0.21420121192932132, 50),(393, 47.95306626877952, 0.21184086799621585, 50),(394, 47.95383511383902, 0.21190524101257324, 50),(395, 47.95466861518587, 0.21321415901184085, 50),(396, 47.95908451091617, 0.21205544471740725, 51),(397, 47.95883304635013, 0.21259188652038577, 51),(398, 47.95852410249336, 0.21293520927429202, 51),(399, 47.95816486312759, 0.21198034286499026, 51),(400, 47.95796368799169, 0.21207690238952637, 51),(401, 47.9578774698365, 0.21143317222595218, 51),(402, 47.95769066334002, 0.21090745925903323, 51),(403, 47.95816486312759, 0.21048903465271, 51),(404, 47.958511169897605, 0.21461963653564456, 52),(405, 47.95824533294069, 0.21419048309326175, 52),(406, 47.95789327648713, 0.21309614181518557, 52),(407, 47.956923312623886, 0.21204471588134768, 52),(408, 47.9567580577058, 0.21213054656982425, 52),(409, 47.9558958495603, 0.21041393280029297, 52),(410, 47.95573059135593, 0.20998477935791018, 52),(411, 47.95543599933296, 0.2092123031616211, 52),(412, 47.95505518276552, 0.2101564407348633, 52),(413, 47.95551503638203, 0.21041393280029297, 52),(414, 47.95578088738715, 0.21072506904602054, 52),(415, 47.955910219813966, 0.21105766296386722, 52),(416, 47.95657843219532, 0.21237730979919436, 52),(417, 47.95652813694047, 0.21249532699584964, 52),(418, 47.95726100581291, 0.2139222621917725, 52),(419, 47.957728024671425, 0.21461963653564456, 52),(420, 47.95818785449988, 0.21502733230590823, 52),(421, 47.958331550482015, 0.21504878997802737, 52),(422, 47.954277553813995, 0.20942687988281253, 53),(423, 47.95428473916637, 0.2097219228744507, 53),(424, 47.954223663639404, 0.2097272872924805, 53),(425, 47.95421647827853, 0.20964145660400393, 53),(426, 47.954101512368915, 0.20962536334991458, 53),(427, 47.954101512368915, 0.2093625068664551, 53),(428, 47.95405121470299, 0.20937323570251468, 53),(429, 47.95405840008684, 0.20924985408782962, 53),(430, 47.9542200709591, 0.20924448966979983, 53),(431, 47.95427396113744, 0.20929813385009766, 53),(432, 47.954004509683685, 0.20923376083374026, 54),(433, 47.95400810237899, 0.20971655845642093, 54),(434, 47.95394702652504, 0.20970582962036136, 54),(435, 47.95395780462216, 0.20963072776794434, 54),(436, 47.95383565272317, 0.2096199989318848, 54),(437, 47.95383924543021, 0.20935714244842532, 54),(438, 47.953785354798484, 0.2093678712844849, 54),(439, 47.953785354798484, 0.20923376083374026, 54),(440, 47.953727871396026, 0.20969510078430179, 55),(441, 47.95373864953887, 0.2092230319976807, 55),(442, 47.953508715337556, 0.2092123031616211, 55),(443, 47.953508715337556, 0.20934104919433594, 55),(444, 47.95357697716035, 0.20935177803039554, 55),(445, 47.953555420805024, 0.20960927009582522, 55),(446, 47.953695536954065, 0.20959317684173587, 55),(447, 47.953677573366434, 0.20966827869415283, 55),(448, 47.953454105811645, 0.20996332168579102, 56),(449, 47.95345051307784, 0.21012425422668457, 56),(450, 47.9533247672371, 0.2101564407348633, 56),(451, 47.95332835997966, 0.21007061004638675, 56),(452, 47.953245726837736, 0.21008670330047607, 56),(453, 47.953245726837736, 0.20993113517761233, 56),(454, 47.95336069465141, 0.2099472284317017, 56),(455, 47.95336428739145, 0.20986139774322513, 56),(456, 47.9534361421401, 0.20983994007110596, 56),(457, 47.95339446640354, 0.20814478397369388, 57),(458, 47.953398059141236, 0.2085739374160767, 57),(459, 47.95335494627229, 0.2085685729980469, 57),(460, 47.95335853901274, 0.20870804786682132, 57),(461, 47.953232792948185, 0.20874023437500003, 57),(462, 47.95321123644925, 0.20857930183410647, 57),(463, 47.9531896799413, 0.20850419998168948, 57),(464, 47.95321123644925, 0.2080589532852173, 57),(465, 47.952029207992226, 0.21165311336517337, 58),(466, 47.95152261609083, 0.2110254764556885, 58),(467, 47.951393272681884, 0.21133661270141604, 58),(468, 47.95150177745512, 0.21100401878356936, 59),(469, 47.95084068525263, 0.21012961864471436, 59),(470, 47.950761641053695, 0.21011352539062503, 59),(471, 47.9506466674576, 0.21025300025939941, 59),(472, 47.95058918056361, 0.210338830947876, 59),(473, 47.950492171285035, 0.21038174629211429, 59),(474, 47.95040594066229, 0.21043002605438235, 59),(475, 47.95033408170012, 0.21047294139862063, 59),(476, 47.9502873733211, 0.21074652671813965, 59),(477, 47.95136884111548, 0.21132588386535645, 59),(478, 47.95428976891793, 0.20876705646514895, 60),(479, 47.95428617624219, 0.2086812257766724, 60),(480, 47.95422869339689, 0.20867049694061282, 60),(481, 47.95423587875606, 0.20859003067016602, 60),(482, 47.95407061524256, 0.20859003067016602, 60),(483, 47.954067022551605, 0.20877242088317874, 60),(484, 47.95402031754659, 0.20875632762908936, 61),(485, 47.95401313215745, 0.20855247974395752, 61),(486, 47.95379397730881, 0.20855247974395752, 61),(487, 47.95379397730881, 0.20876169204711914, 61),(488, 47.953746553497886, 0.2087509632110596, 62),(489, 47.953746553497886, 0.20850419998168948, 62),(490, 47.953484284757586, 0.20850956439971924, 62),(491, 47.95348069202586, 0.20857930183410647, 62),(492, 47.95353099024711, 0.2085953950881958, 62),(493, 47.95352739751865, 0.20874023437500003, 62),(494, 47.95570616185386, 0.2225589752197266, 63),(495, 47.95552653268646, 0.2224516868591309, 63),(496, 47.955368458502576, 0.22234439849853518, 63),(497, 47.95518882816115, 0.22217273712158206, 63),(498, 47.95503793819174, 0.2219796180725098, 63),(499, 47.95492297410977, 0.22174358367919925, 63),(500, 47.95477926864762, 0.22134661674499514, 63),(501, 47.95475052750723, 0.22113204002380374, 63),(502, 47.95470741576667, 0.22086381912231448, 63),(503, 47.9546858598829, 0.22054195404052737, 63),(504, 47.9547002304731, 0.22032737731933597, 63),(505, 47.953888285861716, 0.2199196815490723, 63),(506, 47.95383798798827, 0.22037029266357425, 63),(507, 47.95383798798827, 0.22077798843383792, 63),(508, 47.95385235881424, 0.22118568420410156, 63),(509, 47.953888285861716, 0.22162556648254397, 63),(510, 47.953960139881715, 0.22202253341674807, 63),(511, 47.95405354995835, 0.22229075431823733, 63),(512, 47.95415414523665, 0.22253751754760745, 63),(513, 47.95426911102918, 0.22274136543273929, 63),(514, 47.95440563257559, 0.22294521331787112, 63),(515, 47.95452778312715, 0.22310614585876468, 63),(516, 47.95464993338998, 0.22329926490783691, 63),(517, 47.95475771279383, 0.22343873977661136, 63),(518, 47.95489423304932, 0.2235674858093262, 63),(519, 47.955023567695484, 0.2236425876617432, 63),(520, 47.95516008724856, 0.22371768951416018, 63),(521, 47.95533971768991, 0.2238893508911133, 63),(522, 47.953786073343366, 0.22134661674499514, 64),(523, 47.953764517075236, 0.22100865840911868, 64),(524, 47.953771702498926, 0.22082626819610598, 64),(525, 47.953764517075236, 0.22054731845855716, 64),(526, 47.953768109787205, 0.22032737731933597, 64),(527, 47.953786073343366, 0.22012889385223391, 64),(528, 47.953796851474046, 0.2199035882949829, 64),(529, 47.95304596965868, 0.21957635879516604, 64),(530, 47.95296692883284, 0.22016108036041263, 64),(531, 47.953581288433114, 0.22138953208923343, 64),(532, 47.948017474875556, 0.21892189979553225, 65),(533, 47.94923911840296, 0.22373914718627932, 65),(534, 47.94926067655886, 0.2240395545959473, 65),(535, 47.949267862608814, 0.22431850433349612, 65),(536, 47.94924630445592, 0.2247905731201172, 65),(537, 47.949152885689415, 0.22498369216918948, 65),(538, 47.94902353634935, 0.22506952285766604, 65),(539, 47.94890137278648, 0.22520899772644046, 65),(540, 47.9488151395094, 0.22532701492309573, 65),(541, 47.94862830024883, 0.22546648979187014, 65),(542, 47.948405529478435, 0.22548794746398929, 65),(543, 47.94823306112576, 0.22540211677551272, 65),(544, 47.94804621976089, 0.22531628608703616, 65),(545, 47.94790249517442, 0.22512316703796387, 65),(546, 47.94772283887931, 0.2247262001037598, 65),(547, 47.94652271880885, 0.21990895271301272, 65),(548, 47.94647960020389, 0.2195549011230469, 65),(549, 47.94653709166917, 0.21913647651672366, 65),(550, 47.946637701579505, 0.21885752677917483, 65),(551, 47.94678142968313, 0.21860003471374514, 65),(552, 47.94694671650819, 0.21844983100891116, 65),(553, 47.94707607104607, 0.21832108497619632, 65),(554, 47.94738508335385, 0.2182459831237793, 65),(555, 47.94755755453625, 0.21829962730407718, 65),(556, 47.94770846634872, 0.21844983100891116, 65),(557, 47.94785219147474, 0.21862149238586426, 65),(558, 47.952691542419174, 0.20472764968872073, 66),(559, 47.944614326734715, 0.20017862319946292, 66),(560, 47.9444705926049, 0.20071506500244143, 66),(561, 47.95264842896073, 0.2051997184753418, 66),(562, 47.9436154385842, 0.2109992504301772, 67),(563, 47.94192705163992, 0.2111870050612197, 67),(564, 47.9418444270337, 0.2112942934218154, 67),(565, 47.94176180229541, 0.21139085294635154, 67),(566, 47.94170791652538, 0.2115195989790664, 67),(567, 47.941503150087, 0.211728811282228, 67),(568, 47.94143489442728, 0.2118629217329726, 67),(569, 47.94142770961576, 0.2120560407820449, 67),(570, 47.94147081846993, 0.2122062444868789, 67),(571, 47.94154985127591, 0.21228134633929585, 67),(572, 47.94166121547924, 0.21228134633929585, 67),(573, 47.94172228606953, 0.21222233774096824, 67),(574, 47.941786948968875, 0.2121150493803725, 67),(575, 47.941840834656546, 0.21201312543780662, 67),(576, 47.941916274524885, 0.21190047265918113, 67),(577, 47.94200608374842, 0.2118682861510024, 67),(578, 47.942156962892724, 0.2118360996428237, 67),(579, 47.942979605718946, 0.211653709429811, 67),(580, 47.94306582080308, 0.21168053151995994, 67),(581, 47.943098151422554, 0.2117663622084365, 67),(582, 47.943148443457105, 0.21261394025714253, 67),(583, 47.94315203574342, 0.2127051353636489, 67),(584, 47.943116112869085, 0.21278560163409568, 67),(585, 47.94306582080308, 0.21286070348651265, 67),(586, 47.94297601342065, 0.21287679674060203, 67),(587, 47.94285028282311, 0.21287143232257225, 67),(588, 47.942749698124906, 0.21279096605212547, 67),(589, 47.94268503642984, 0.2126944065275893, 67),(590, 47.94267785179208, 0.2125978470030532, 67),(591, 47.94273532886635, 0.212453007716249, 67),(592, 47.942832321284214, 0.2123135328474746, 67),(593, 47.94283591359251, 0.21220088006884907, 67),(594, 47.94279639818772, 0.21204531194598533, 67),(595, 47.942724551919774, 0.21199166776568745, 67),(596, 47.942358134400095, 0.2121150493803725, 67),(597, 47.94230424925167, 0.2121686935606704, 67),(598, 47.94226832578816, 0.21225988866717674, 67),(599, 47.94226114109249, 0.21235644819171287, 67),(600, 47.94224677169808, 0.21243155004412986, 67),(601, 47.942203663490986, 0.21250665189654686, 67),(602, 47.94212822404202, 0.21253883840472557, 67),(603, 47.94168995458955, 0.21258175374896385, 67),(604, 47.941636068744636, 0.2125978470030532, 67),(605, 47.94158218284354, 0.2126353979292617, 67),(606, 47.94112235420278, 0.2133166790190444, 67),(607, 47.94111876177543, 0.21341860296161033, 67),(608, 47.94114031633583, 0.21351516248614646, 67),(609, 47.94120497996312, 0.2135741710844741, 67),(610, 47.94128760559137, 0.213600993174623, 67),(611, 47.941366638677444, 0.2135795355025039, 67),(612, 47.94142770961576, 0.21352052690417622, 67),(613, 47.941503150087, 0.2133917808714614, 67),(614, 47.941636068744636, 0.21312355996997215, 67),(615, 47.94172228606953, 0.21308600904376365, 67),(616, 47.94179413373048, 0.21307528020770408, 67),(617, 47.94185520416378, 0.2131396532240615, 67),(618, 47.9419126821527, 0.2132093906584487, 67),(619, 47.94195938297164, 0.21330058576495506, 67),(620, 47.942049192120294, 0.21337568761737205, 67),(621, 47.943550777972106, 0.21330058576495506, 67),(622, 47.94361184633011, 0.21323084833056782, 67),(623, 47.94362262309167, 0.21313428880603172, 67),(624, 47.94359029280023, 0.2130001783552871, 67),(625, 47.94354000119556, 0.21285533906848286, 67),(626, 47.94348970954196, 0.21269977094561912, 67),(627, 47.94343223330649, 0.2125227451506362, 67),(628, 47.94342864103964, 0.2124047279539809, 67),(629, 47.94347534048906, 0.21227598192126607, 67),(630, 47.94364417660809, 0.21224379541308738, 67),(631, 47.943805827694604, 0.21217942239672996, 67),(632, 47.94388844916587, 0.21209895612628318, 67),(633, 47.943917187037954, 0.2119809389296279, 67),(634, 47.943917187037954, 0.21178245546252583, 67),(635, 47.94391000257143, 0.2116161585036025, 67),(636, 47.94389922586976, 0.2114444971266494, 67),(637, 47.94386330351469, 0.21127283574969627, 67),(638, 47.943795050971254, 0.2111494541350112, 67),(639, 47.94373398282966, 0.21105825902850486, 67),(640, 47.94058670387456, 0.21117091180713035, 68),(641, 47.940453782518794, 0.21114408971698143, 68),(642, 47.940403487862625, 0.21117091180713035, 68),(643, 47.94018793878201, 0.21114408971698143, 68),(644, 47.940134051371444, 0.21117091180713035, 68),(645, 47.93977480053214, 0.21114408971698143, 68),(646, 47.93970654259044, 0.21113336088092186, 68),(647, 47.93964546961887, 0.21110117437274314, 68),(648, 47.93959517417633, 0.21105825902850486, 68),(649, 47.93926825260716, 0.21083831788928367, 68),(650, 47.93918562375138, 0.21080613138110496, 68),(651, 47.93910658733102, 0.21081149579913475, 68),(652, 47.93904551365068, 0.21088659765155174, 68),(653, 47.93898084732229, 0.21095097066790913, 68),(654, 47.93884432925227, 0.21092951299579002, 68),(655, 47.9387185886057, 0.21096706392199852, 68),(656, 47.938754514535944, 0.21142303945453025, 68),(657, 47.93877247749169, 0.21148741247088765, 68),(658, 47.938826366321486, 0.2115464210692153, 68),(659, 47.93900599534851, 0.2115142345610366, 68),(660, 47.939074254215114, 0.2114391327086196, 68),(661, 47.939358066431026, 0.21135866643817283, 68),(662, 47.93943350992247, 0.21135330202014305, 68),(663, 47.93949458314448, 0.21141231061847066, 68),(664, 47.93952332345925, 0.21149814130694725, 68),(665, 47.93951254584308, 0.2115893364134536, 68),(666, 47.93944788009884, 0.21164298059375145, 68),(667, 47.93935088133086, 0.21165907384784077, 68),(668, 47.93925388238087, 0.21166980268390037, 68),(669, 47.939164068375995, 0.21168053151995994, 68),(670, 47.93908143935376, 0.21169662477404927, 68),(671, 47.939027550789795, 0.21175026895434715, 68),(672, 47.938998810199415, 0.2118414640608535, 68),(673, 47.939002402774086, 0.21197557451159812, 68),(674, 47.939034735934904, 0.2121150493803725, 68),(675, 47.93906706907551, 0.2122062444868789, 68),(676, 47.93909940219589, 0.21232426168353413, 68),(677, 47.939102994763594, 0.2124154567900405, 68),(678, 47.93909580962796, 0.21253347398669578, 68),(679, 47.93907784678455, 0.21268367769152977, 68),(680, 47.93907066164545, 0.2128499746504531, 68),(681, 47.93905629136423, 0.21300554277331687, 68),(682, 47.93901318049659, 0.21311819555194236, 68),(683, 47.93902036564371, 0.213252306002687, 68),(684, 47.93904192107899, 0.21340250970752098, 68),(685, 47.93906706907551, 0.21348834039599754, 68),(686, 47.939113772465134, 0.2135419845762954, 68),(687, 47.93918562375138, 0.21359562875659324, 68),(688, 47.93925388238087, 0.213600993174623, 68),(689, 47.93946943535591, 0.21348834039599754, 68),(690, 47.93956643390148, 0.21341323854358055, 68),(691, 47.939656247207324, 0.21333277227313377, 68),(692, 47.93974606035714, 0.21326303483874656, 68),(693, 47.94066933049097, 0.2122706175032363, 68),(694, 47.9407196248885, 0.21214723588855125, 68),(695, 47.940744772068925, 0.2119809389296279, 68),(696, 47.94076273433316, 0.2118253708067641, 68),(697, 47.94076991923713, 0.21173954011828755, 68),(698, 47.938541273311046, 0.21067202093036033, 69),(699, 47.938523310274945, 0.21055936815173484, 69),(700, 47.93849456940424, 0.21048426629931785, 69),(701, 47.93843708761489, 0.2104628086271987, 69),(702, 47.93837242052548, 0.21048963071734764, 69),(703, 47.93766466987117, 0.21067202093036033, 69),(704, 47.9376071871591, 0.2107149362745986, 69),(705, 47.93758563112562, 0.21079003812701558, 69),(706, 47.937592816471124, 0.2109026909056411, 69),(707, 47.93761437250163, 0.21102070810229637, 69),(708, 47.937653891867505, 0.21114408971698143, 69),(709, 47.937725745182675, 0.21124601365954732, 69),(710, 47.937955675120136, 0.21188437940509178, 69),(711, 47.938009564801305, 0.21195948125750877, 69),(712, 47.938067047065985, 0.21200776101977684, 69),(713, 47.93813889980697, 0.21199166776568745, 69),(714, 47.93821434507752, 0.2119809389296279, 69),(715, 47.93826464186339, 0.21199166776568745, 69),(716, 47.93830056810904, 0.21205067636401512, 69),(717, 47.93829338286191, 0.2121311426344619, 69),(718, 47.93826104923745, 0.21224379541308738, 69),(719, 47.93823949347655, 0.21234035493762352, 69),(720, 47.93826104923745, 0.21243155004412986, 69),(721, 47.93831134597787, 0.2125227451506362, 69),(722, 47.938455050680936, 0.21279633047015525, 69),(723, 47.93851971766699, 0.2128875255766616, 69),(724, 47.93860594018924, 0.2128928899946914, 69),(725, 47.93866701438885, 0.21283388139636375, 69),(726, 47.938692162567705, 0.2127319574537978, 69),(727, 47.93867419958405, 0.2126353979292617, 69),(728, 47.938623903196614, 0.21250128747851707, 69),(729, 47.93857001415577, 0.2124047279539809, 69),(730, 47.93857360676027, 0.21231889726550435, 69),(731, 47.93860594018924, 0.21217942239672996, 69),(732, 47.93866701438885, 0.2120882272902236, 69),(733, 47.93872449592256, 0.2120184898558364, 69),(734, 47.938753236665455, 0.2119058370772109, 69),(735, 47.93873168110979, 0.21182000638873433, 69),(736, 47.938677792181295, 0.21177709104449607, 69),(737, 47.93860953279122, 0.21178245546252583, 69),(738, 47.9385448659175, 0.21180927755267479, 69),(739, 47.93849456940424, 0.2118360996428237, 69),(740, 47.938440680228595, 0.21179854871661521, 69),(741, 47.938379605761625, 0.21171808244616844, 69),(742, 47.938365235288316, 0.21160006524951316, 69),(743, 47.938343679570885, 0.2114391327086196, 69),(744, 47.938322123844465, 0.21121382715136863, 69),(745, 47.93827182711452, 0.21112799646289207, 69),(746, 47.93819638192784, 0.21112263204486226, 69),(747, 47.93814608507556, 0.211154818553041, 69),(748, 47.938102973448956, 0.21120846273333885, 69),(749, 47.93809578817437, 0.2112835645857558, 69),(750, 47.93811734399516, 0.21138548852832176, 69),(751, 47.93814967770949, 0.2114444971266494, 69),(752, 47.93817482614, 0.2115142345610366, 69),(753, 47.93818560403506, 0.21159470083148338, 69),(754, 47.93814967770949, 0.21166443826587059, 69),(755, 47.93810656608587, 0.211653709429811, 69),(756, 47.93806345442633, 0.21159470083148338, 69),(757, 47.9379197486348, 0.21120846273333885, 69),(758, 47.93790178538278, 0.21111726762683247, 69),(759, 47.937944897177154, 0.21102607252032615, 69),(760, 47.93831493860031, 0.21091341974170064, 69),(761, 47.93836164266937, 0.21091878415973045, 69),(762, 47.9384047540803, 0.21098315717608787, 69),(763, 47.93842630977227, 0.2110743522825942, 69),(764, 47.93849456940424, 0.21147131921679832, 69),(765, 47.9385448659175, 0.21156251432330467, 69),(766, 47.93861312539294, 0.2115517854872451, 69),(767, 47.93867419958405, 0.2115195989790664, 69),(768, 47.93869575516371, 0.21143376829058982, 69),(769, 47.938663421790864, 0.2112621069136367, 69),(770, 47.93855564373539, 0.21079003812701558, 69);
INSERT INTO billetteries (`billetterie_label`, `billetterie_id`, `prestataire_id`)
               VALUES('Tribunes', 'dab91561-09f1-47cb-8d91-e21e873d6b4e', 'af3a0f62-5b13-4b19-9d42-736870b268a0');
INSERT INTO billetterieCategories (`category_label`, `category_id`, `billetterie_id`)
               VALUES('Tribune', 1, 'dab91561-09f1-47cb-8d91-e21e873d6b4e'),('Tribune personne à mobilité réduite', 2, 'dab91561-09f1-47cb-8d91-e21e873d6b4e'),('Tribune VIP', 3, 'dab91561-09f1-47cb-8d91-e21e873d6b4e');
INSERT INTO billetterieForfaits (`forfait_label`, `forfait_id`, `billetterie_id`)
               VALUES('Mercredi 11 juin 2025', 1, 'dab91561-09f1-47cb-8d91-e21e873d6b4e'),('Jeudi 12 juin 2025', 2, 'dab91561-09f1-47cb-8d91-e21e873d6b4e'),('Vendredi 13 juin 2025', 3, 'dab91561-09f1-47cb-8d91-e21e873d6b4e'),('Samedi 14 juin 2025', 4, 'dab91561-09f1-47cb-8d91-e21e873d6b4e'),('Dimanche 15 juin 2025', 5, 'dab91561-09f1-47cb-8d91-e21e873d6b4e');
INSERT INTO billetteriePersonnes (`personne_label`, `personne_id`, `billetterie_id`)
               VALUES('Famille (x2 adulte) nombre denfants : ', 1, 'dab91561-09f1-47cb-8d91-e21e873d6b4e'),('Étudiant nombre de places : ', 2, 'dab91561-09f1-47cb-8d91-e21e873d6b4e'),('Sénior nombre de places : ', 3, 'dab91561-09f1-47cb-8d91-e21e873d6b4e'),('Adulte nombre de places : ', 4, 'dab91561-09f1-47cb-8d91-e21e873d6b4e'),('Mineur nombre de places : ', 5, 'dab91561-09f1-47cb-8d91-e21e873d6b4e');
INSERT INTO ecurie (`id`, `name`, `prestataire_id`)
               VALUES('d8d755cb-9aba-43f5-9546-14db654a1f06', 'Porsche', '45309281-fc24-4e02-ad47-a275c64f5327');
INSERT INTO reservationApp (`app_id`)
               VALUES('d524a60f-60d4-429e-a4a6-0f60d4b29e1d');
INSERT INTO reservationSlot (`reservation_id`, `app_id`, `from`, `to`, `maxSize`)
               VALUES('044d4dc3-4e35-4cea-8d4d-c34e35ccea50', 'd524a60f-60d4-429e-a4a6-0f60d4b29e1d', '2025-04-03 10:00:00', '2025-04-03 10:15:00', 10),('0546a17d-9f7e-416d-86a1-7d9f7e516d01', 'd524a60f-60d4-429e-a4a6-0f60d4b29e1d', '2025-04-03 10:15:00', '2025-04-03 10:30:00', 10),('224cfa6f-aff1-4bad-8cfa-6faff17badcd', 'd524a60f-60d4-429e-a4a6-0f60d4b29e1d', '2025-04-03 10:00:00', '2025-04-03 10:15:00', 10),('65a330ae-3f57-48da-a330-ae3f57c8dac5', 'd524a60f-60d4-429e-a4a6-0f60d4b29e1d', '2025-04-03 10:00:00', '2025-04-03 10:15:00', 10),('ba45d304-6805-4197-85d3-046805619750', 'd524a60f-60d4-429e-a4a6-0f60d4b29e1d', '2025-04-03 10:15:00', '2025-04-03 10:30:00', 10),('fc12f957-05f6-471d-92f9-5705f6f71dc2', 'd524a60f-60d4-429e-a4a6-0f60d4b29e1d', '2025-04-03 10:15:00', '2025-04-03 10:30:00', 10);
INSERT INTO karting (`karting_id`, `prestataire_id`, `reservation_app_id`, `enabled`)
               VALUES('1278aadd-b56a-458b-b8aa-ddb56a258bf8', '524aaa51-09c1-48f1-85d3-ac878394e1ff', 'd524a60f-60d4-429e-a4a6-0f60d4b29e1d', 1);
INSERT INTO kartingCircuit (`circuit_id`, `karting_id`, `minAge`, `circuit_name`, `kart_power`)
               VALUES('1a945660-cef6-4e73-9456-60cef62e734f', '1278aadd-b56a-458b-b8aa-ddb56a258bf8', 8, 'Piste Junior', 160),('45e11ba5-9136-48aa-a11b-a59136b8aa38', '1278aadd-b56a-458b-b8aa-ddb56a258bf8', 16, 'Piste Amateur', 270),('7c9c6893-7402-48df-9c68-937402f8df02', '1278aadd-b56a-458b-b8aa-ddb56a258bf8', 18, 'Piste Confirmé', 390);
INSERT INTO kartingSessionSlot (`session_id`, `karting_id`, `session_slot_id`, `circuit_id`)
               VALUES('36c330cb-0b86-46ec-8330-cb0b86e6ecf6', '1278aadd-b56a-458b-b8aa-ddb56a258bf8', '044d4dc3-4e35-4cea-8d4d-c34e35ccea50', '1a945660-cef6-4e73-9456-60cef62e734f'),('4b10ac14-9814-4ed4-90ac-149814aed423', '1278aadd-b56a-458b-b8aa-ddb56a258bf8', 'fc12f957-05f6-471d-92f9-5705f6f71dc2', '1a945660-cef6-4e73-9456-60cef62e734f'),('4eb909e0-3356-4417-b909-e03356941746', '1278aadd-b56a-458b-b8aa-ddb56a258bf8', '224cfa6f-aff1-4bad-8cfa-6faff17badcd', '45e11ba5-9136-48aa-a11b-a59136b8aa38'),('7072a9e2-9283-4148-b2a9-e292838148d7', '1278aadd-b56a-458b-b8aa-ddb56a258bf8', '65a330ae-3f57-48da-a330-ae3f57c8dac5', '45e11ba5-9136-48aa-a11b-a59136b8aa38'),('cf0162b8-6b44-492c-8162-b86b44f92c14', '1278aadd-b56a-458b-b8aa-ddb56a258bf8', '0546a17d-9f7e-416d-86a1-7d9f7e516d01', '7c9c6893-7402-48df-9c68-937402f8df02'),('fa4a8398-0d18-4211-8a83-980d1842110b', '1278aadd-b56a-458b-b8aa-ddb56a258bf8', 'ba45d304-6805-4197-85d3-046805619750', '7c9c6893-7402-48df-9c68-937402f8df02');
INSERT INTO MontgolfiereReservationApp (app_id)
                VALUES ('d524a60f-60d4-429e-a4a6-0f60d4b29e1e');
INSERT INTO MontgolfiereReservationSlot (reservation_id, app_id, `from`, `to`, maxSize)
                VALUES ('044d4dc3-4e35-4cea-8d4d-c34e35ccea51', 'd524a60f-60d4-429e-a4a6-0f60d4b29e1e', '2025-04-03 10:00:00', '2025-04-03 10:15:00', 10);
INSERT INTO Montgolfiere (montgolfiere_id, prestataire_id, reservation_app_id, enabled)
                VALUES ('1278aadd-b56a-458b-b8aa-ddb56a258bf9', '255da203-781d-4e50-924f-0423638cdb68','d524a60f-60d4-429e-a4a6-0f60d4b29e1e', 1);
INSERT INTO MontgolfiereSessionSlot (session_id, montgolfiere_id, session_slot_id)
                VALUES ('36c330cb-0b86-46ec-8330-cb0b86e6ecf7', '1278aadd-b56a-458b-b8aa-ddb56a258bf9', '044d4dc3-4e35-4cea-8d4d-c34e35ccea51');
