DELETE FROM UserMontgolfiereSession;
DELETE FROM MontgolfiereSessionSlot;
DELETE FROM Montgolfiere;
DELETE FROM MontgolfiereReservationSlot;
DELETE FROM MontgolfiereReservationApp;
DELETE FROM UserKartingReservation;
DELETE FROM KartingSessionSlot;
DELETE FROM KartingCircuit;
DELETE FROM Karting;
DELETE FROM FormulaireEcurie;
DELETE FROM Ecurie;
DELETE FROM TicketBilletteriePersonnes;
DELETE FROM TicketBilletterieForfaits;
DELETE FROM Tickets;
DELETE FROM BilletteriePersonnes;
DELETE FROM BilletterieForfaits;
DELETE FROM BilletterieCategories;
DELETE FROM Billetteries;
DELETE FROM Point;
DELETE FROM Shape;
DELETE FROM UserOrderArticle;
DELETE FROM UserOrder;
DELETE FROM BoutiqueArticles;
DELETE FROM BoutiqueCategory;
DELETE FROM Boutique;
DELETE FROM PrestataireLink;
DELETE FROM Prestataire;
DELETE FROM Admin;
DELETE FROM User;

INSERT INTO User (`id`, `email`, `first_name`, `last_name`, `password`)
               VALUES('e052f135-13db-4a0d-aa15-f9bffac00359', 'test@gmail.com', 'Test', 'Family', '$2y$10$UwdnOZGp863rcdvYvpkiKOB5Cc3DCt3LtYHvIILE4eWqOGINTgiQO'),('e752b8f4-a2a5-46d4-84dc-1cc5d54a43ff', 'test@test.com', 'Test', 't', '$2a$10$/1XMkYyXXwxTUlxJtkULu.GNzj.2fztjlrHfjiWxOhgo45KLf/ney'),('f4f434b3-f256-484b-8935-29e13126c9e8', 'carla@gmail.com', 'Carla', 'Wilson', '$2y$10$UwdnOZGp863rcdvYvpkiKOB5Cc3DCt3LtYHvIILE4eWqOGINTgiQO');
INSERT INTO Admin (`admin_id`, `name`, `password`)
               VALUES(1, 'max', '$2y$10$tGQso6tm1fKzqcJyDarjbOLs9sWVYsJmv42537Kt3p7Rn.uiD3Oja'),(3, 'max', '$2y$10$tGQso6tm1fKzqcJyDarjbOLs9sWVYsJmv42537Kt3p7Rn.uiD3Oja'),(4, 'max', '$2y$10$tGQso6tm1fKzqcJyDarjbOLs9sWVYsJmv42537Kt3p7Rn.uiD3Oja'),(5, 'max', '$2y$10$tGQso6tm1fKzqcJyDarjbOLs9sWVYsJmv42537Kt3p7Rn.uiD3Oja'),(6, 'max', '$2y$10$tGQso6tm1fKzqcJyDarjbOLs9sWVYsJmv42537Kt3p7Rn.uiD3Oja'),(7, 'max', '$2y$10$tGQso6tm1fKzqcJyDarjbOLs9sWVYsJmv42537Kt3p7Rn.uiD3Oja'),(8, 'max', '$2y$10$tGQso6tm1fKzqcJyDarjbOLs9sWVYsJmv42537Kt3p7Rn.uiD3Oja');
INSERT INTO Prestataire (`id`, `icon`, `password`, `description`, `name`, `referencer`, `email`, `accentColor`, `banner`)
               VALUES('0b7956e6-1262-49f7-aaab-c5ab60d16cba', '/public/prestataires_icons/codeky_presta.jpg', '$2a$10$eMcDHdcnvFWXlBiEYcKAy.9T9k7DrWXtkepZytO6Z9aLsisubKDYa', NULL, 'Codeky', 'codeky', 'codeky@codeky.com', NULL, NULL),('255da203-781d-4e50-924f-0423638cdb68', '/public/prestataires_icons/montgol_presta.jpg', '$2y$10$GhHncEKGwYMsbC72aLNae..OUpuvCn.a7Tvyq8VkCWn7r5UNXgRim', NULL, 'Mongman', 'mongman', '24hmans@gmail.com', NULL, NULL),('45309281-fc24-4e02-ad47-a275c64f5327', '/public/prestataires_icons/porsche_presta.png', '$2a$10$Jfw2HzNUl/FQk.30LkQJhOa1W3rr1RDT7KUOmTVbN.ucf44w3PlEK', '<p>&nbsp;</p>
<table style="border-collapse: collapse; width: 99.977%;" border="1">
<tbody>
<tr>
<td style="width: 39.4907%;">
<h1><strong>Lh&eacute;ritage de la course</strong></h1>
Porsche et les 24 Heures du Mans : une histoire damour qui dure depuis des d&eacute;cennies. De la l&eacute;gendaire 917 &agrave; la derni&egrave;re Hypercar, Porsche a toujours repouss&eacute; les limites de la performance et de lendurance sur ce circuit mythique. Venez vivre l&eacute;motion de la course et d&eacute;couvrez notre passion pour lexcellence.</td>
<td style="width: 2.17895%;">&nbsp;</td>
<td style="width: 58.3203%;"><img style="display: block; margin-left: auto; margin-right: auto;" src="https://www.flat6mag.com/medias/images/porsche-911-rsr-24h-du-mans-2021-7-.jpg" alt="porsche-911-rsr-24h-du-mans-2021-7" width="489" height="326" /></td>
</tr>
</tbody>
</table>
<p data-sourcepos="5:1-5:315">&nbsp;</p>
<table style="border-collapse: collapse; width: 99.977%;" border="1">
<tbody>
<tr>
<td style="width: 45.5519%;"><img style="display: block; margin-left: auto; margin-right: auto;" src="https://www.lemans.org/media/cache/component_photo_1600/assets/fileuploads/64/84/6484fed1bdab4.jpg" alt="" width="514" height="343" /></td>
<td style="width: 2.24381%;">&nbsp;</td>
<td style="width: 52.1942%;">
<h1 data-sourcepos="7:1-7:47"><strong>LExp&eacute;rience Porsche au Mans</strong></h1>
Plongez au c&oelig;ur de laction avec Porsche ! Visitez nos &eacute;curies et d&eacute;couvrez les coulisses de la course, o&ugrave; ing&eacute;nieurs et m&eacute;caniciens travaillent sans rel&acirc;che pour optimiser la performance de nos bolides. Notre boutique officielle vous propose une gamme exclusive de produits d&eacute;riv&eacute;s pour emporter un morceau de la l&eacute;gende avec vous.</td>
</tr>
</tbody>
</table>
<p data-sourcepos="11:1-11:49">&nbsp;</p>
<table style="border-collapse: collapse; width: 99.977%;" border="1">
<tbody>
<tr>
<td style="width: 39.5128%;">
<h1 data-sourcepos="11:1-11:49"><strong>La Boutique Officielle Porsche</strong></h1>
Que vous soyez un passionn&eacute; de longue date ou un nouveau venu dans le monde de lendurance, notre boutique officielle est lendroit id&eacute;al pour trouver le souvenir parfait des 24 Heures du Mans. Des v&ecirc;tements aux accessoires, en passant par les miniatures de collection, vous trouverez forc&eacute;ment lobjet qui fera battre votre c&oelig;ur de fan.</td>
<td style="width: 2.59764%;">&nbsp;</td>
<td style="width: 57.9657%;"><img style="display: block; margin-left: auto; margin-right: auto;" src="https://www.lemans.org/media/cache/component_photo_1600/assets/fileuploads/66/6b/666b1c165b496.jpg" alt="" width="514" height="343" /></td>
</tr>
</tbody>
</table>
<p data-sourcepos="15:1-15:46">&nbsp;</p>
<table style="border-collapse: collapse; width: 99.977%;" border="1">
<tbody>
<tr>
<td style="width: 45.1209%;"><img src="https://cdn-6.motorsport.com/images/amp/6AE1D716/s1200/4-porsche-penske-motorsport-po.webp" alt="" width="505" height="336" /></td>
<td style="width: 2.50158%;">&nbsp;</td>
<td style="width: 52.3675%;">
<h1 data-sourcepos="15:1-15:46"><strong>Rencontrez l&Eacute;quipe Porsche</strong></h1>
Venez &agrave; la rencontre des pilotes et des membres de l&eacute;quipe Porsche ! &Eacute;changez avec eux, prenez des photos et partagez leur passion pour la course. Ils seront ravis de vous faire d&eacute;couvrir leur univers et de vous faire vivre des moments inoubliables.</td>
</tr>
</tbody>
</table>
<p data-sourcepos="19:1-19:60">&nbsp;</p>
<table style="border-collapse: collapse; width: 99.977%;" border="1">
<tbody>
<tr>
<td style="width: 39.5128%;">
<h1 data-sourcepos="19:1-19:60"><strong>LInnovation au Service de la Performance</strong></h1>
Porsche, cest aussi un laboratoire dinnovation. Les 24 Heures du Mans sont loccasion pour nous de tester de nouvelles technologies et de repousser les limites de la performance. D&eacute;couvrez comment notre engagement en comp&eacute;tition se traduit par des avanc&eacute;es technologiques qui profitent &agrave; nos voitures de s&eacute;rie.</td>
<td style="width: 2.86086%;">&nbsp;</td>
<td style="width: 57.6162%;"><img style="display: block; margin-left: auto; margin-right: auto;" src="https://www.endurance-info.com/sites/default/files/styles/image_richtext/public/2025-03/MANTHEY%20Porsche%20911%20GT3...%20%281%29.jpg?itok=iGvc7rdD" alt="" width="425" height="283" /></td>
</tr>
</tbody>
</table>
<p data-sourcepos="23:1-23:49">&nbsp;</p>
<table style="border-collapse: collapse; width: 99.977%;" border="1">
<tbody>
<tr>
<td style="width: 45.38%;"><img style="display: block; margin-left: auto; margin-right: auto;" src="https://www.lemans.org/media/cache/component_photo_1600/assets/fileuploads/67/e1/67e17552c8b9e.jpg" alt="" width="496" height="279" /></td>
<td style="width: 2.41567%;">&nbsp;</td>
<td style="width: 52.1957%;">
<h1 data-sourcepos="23:1-23:49"><strong>Vivez lIntensit&eacute; de la Course</strong></h1>
Les 24 Heures du Mans, cest une exp&eacute;rience unique, un m&eacute;lange dadr&eacute;naline, de passion et d&eacute;motion. Venez vibrer au rythme des moteurs et encourager l&eacute;quipe Porsche dans sa qu&ecirc;te de la victoire. Lambiance sur le circuit est &eacute;lectrique, et vous repartirez avec des souvenirs plein la t&ecirc;te.</td>
</tr>
</tbody>
</table>
<p>&nbsp;</p>', 'Porsche', 'porsche', 'porsche@gmail.com', NULL, NULL),('524aaa51-09c1-48f1-85d3-ac878394e1ff', '/public/prestataires_icons/karting_presta.png', '$2b$12$q2TiCEKu0SDWFE2nPq45He.gXueN20nlAPHYCsS5RQ.X8Z1dG5vFG', NULL, 'Kart24', 'kart24', 'kart24@gmail.com', NULL, NULL),('af3a0f62-5b13-4b19-9d42-736870b268a0', '/public/prestataires_icons/organisateurs_presta.png', '$2y$10$NXLvYYnkO8Nvz7vnuE6GVuszoBjyTFyAH2.vINZ1OinJZC6tRi6D6', NULL, '24h du Mans', '24hdumans', 'mongman@gmail.com', NULL, NULL);
INSERT INTO PrestataireLink (`prestataire_id`, `id`, `name`, `url`)
               VALUES('45309281-fc24-4e02-ad47-a275c64f5327', 30, 'Site officiel', 'https://www.porsche.com'),('255da203-781d-4e50-924f-0423638cdb68', 31, 'Nos prestations', 'https://montgolfiere-france.com/bapteme-en-montgolfiere-pres-du-mans/'),('524aaa51-09c1-48f1-85d3-ac878394e1ff', 32, 'Site officiel', 'https://www.lemans-karting.com/karting/sessions-kart'),('af3a0f62-5b13-4b19-9d42-736870b268a0', 33, 'Notre site', 'https://24h.chamallow.fr');
INSERT INTO Boutique (`prestataire_id`, `enabled`, `shop_id`)
               VALUES('45309281-fc24-4e02-ad47-a275c64f5327', 1, '867fb638-7cb1-4228-a643-5c4f352f44b1');
INSERT INTO BoutiqueCategory (`shop_id`, `category_id`, `category_label`)
               VALUES('867fb638-7cb1-4228-a643-5c4f352f44b1', '9af710a9-9c13-43d7-b710-a99c1323d77d', 'Écusson'),('867fb638-7cb1-4228-a643-5c4f352f44b1', 'be2cff03-7d12-4369-acff-037d12a36993', 'Porte-clé'),('867fb638-7cb1-4228-a643-5c4f352f44b1', 'fdbc099a-04f0-4dbd-bc09-9a04f04dbd49', 'Jouets');
INSERT INTO BoutiqueArticles (`shop_id`, `item_id`, `referencer`, `name`, `image`, `price`, `stock`, `description`, `category_id`, `deleted`)
               VALUES('867fb638-7cb1-4228-a643-5c4f352f44b1', 1, 'porte-clé-frein', 'Porte-clé frein', '/public/products_images/porte_cle_frein.jpg', 16.99, 56, NULL, 'be2cff03-7d12-4369-acff-037d12a36993', 0),('867fb638-7cb1-4228-a643-5c4f352f44b1', 2, 'porte-clé-porsche', 'Porte-clé porsche', '/public/products_images/porte_cle_ecusson.jpg', 24.99, 129, NULL, 'be2cff03-7d12-4369-acff-037d12a36993', 0),('867fb638-7cb1-4228-a643-5c4f352f44b1', 3, 'écusson-porsche', 'Écusson Porsche', '/public/products_images/ecusson_porsche.jpg', 34.99, 3, NULL, '9af710a9-9c13-43d7-b710-a99c1323d77d', 0),('867fb638-7cb1-4228-a643-5c4f352f44b1', 5, 'petite-voiture', 'Voiture miniature', '/public/products_images/petite_voiture.jpg', 7.46, 79, NULL, 'fdbc099a-04f0-4dbd-bc09-9a04f04dbd49', 0);
INSERT INTO UserOrder (`user_id`, `order_id`, `total_price`, `date`)
               VALUES('e052f135-13db-4a0d-aa15-f9bffac00359', 'a8d2f58f-9f64-492f-8901-0ab956450bf6', 76.97, '2025-03-03 14:16:54'),('e052f135-13db-4a0d-aa15-f9bffac00359', 'dedc1ca8-25ba-4472-b079-85e0d224e9c2', 611.74, '2025-04-02 09:14:35'),('e052f135-13db-4a0d-aa15-f9bffac00359', 'e17e767e-2541-435c-b13d-8eb92366d20a', 511.78, '2025-04-01 14:38:17');
INSERT INTO UserOrderArticle (`order_id`, `article_id`, `unit_price`, `amount`)
               VALUES('a8d2f58f-9f64-492f-8901-0ab956450bf6', 1, 16.99, 1),('a8d2f58f-9f64-492f-8901-0ab956450bf6', 2, 24.99, 1),('a8d2f58f-9f64-492f-8901-0ab956450bf6', 3, 34.99, 1),('dedc1ca8-25ba-4472-b079-85e0d224e9c2', 1, 16.99, 11),('dedc1ca8-25ba-4472-b079-85e0d224e9c2', 2, 24.99, 10),('dedc1ca8-25ba-4472-b079-85e0d224e9c2', 3, 34.99, 5),('e17e767e-2541-435c-b13d-8eb92366d20a', 1, 16.99, 11),('e17e767e-2541-435c-b13d-8eb92366d20a', 2, 24.99, 6),('e17e767e-2541-435c-b13d-8eb92366d20a', 3, 34.99, 5);
INSERT INTO Shape (`shape_id`, `type`, `name`, `logistics`, `surface`, `description`, `provider`, `service`, `category`, `iconUrl`)
               VALUES(1, 'shape', 'Tribune 22', 'Sièges, Personnel', '100', 'Tribune accueillant les spectateurs des 24H du Mans.', 'af3a0f62-5b13-4b19-9d42-736870b268a0', 'billetterie', 'tribunes', ''),(2, 'shape', 'Tribune 21', 'Sièges, Personnel', '100', 'Tribune accueillant les spectateurs des 24H du Mans.', 'af3a0f62-5b13-4b19-9d42-736870b268a0', 'billetterie', 'tribunes', ''),(3, 'shape', 'Tribune 20', 'Sièges, Personnel', '100', 'Tribune accueillant les spectateurs des 24H du Mans.', 'af3a0f62-5b13-4b19-9d42-736870b268a0', 'billetterie', 'tribunes', ''),(4, 'shape', 'Tribune 19', 'Sièges, Personnel', '100', 'Tribune accueillant les spectateurs des 24H du Mans.', 'af3a0f62-5b13-4b19-9d42-736870b268a0', 'billetterie', 'tribunes', ''),(5, 'shape', 'Tribune 18', 'Sièges, Personnel', '125', 'Tribune accueillant les spectateurs des 24H du Mans.', 'af3a0f62-5b13-4b19-9d42-736870b268a0', 'billetterie', 'tribunes', ''),(6, 'shape', 'Tribune 17', 'Sièges, Personnel', '100', 'Tribune accueillant les spectateurs des 24H du Mans.', 'af3a0f62-5b13-4b19-9d42-736870b268a0', 'billetterie', 'tribunes', ''),(7, 'shape', 'Tribune 16', 'Sièges, Personnel', '100', 'Tribune accueillant les spectateurs des 24H du Mans.', 'af3a0f62-5b13-4b19-9d42-736870b268a0', 'billetterie', 'tribunes', ''),(8, 'shape', 'Tribune 15', 'Sièges, Personnel', '100', 'Tribune accueillant les spectateurs des 24H du Mans.', 'af3a0f62-5b13-4b19-9d42-736870b268a0', 'billetterie', 'tribunes', ''),(9, 'shape', 'Tribune 14', 'Sièges, Personnel', '100', 'Tribune accueillant les spectateurs des 24H du Mans.', 'af3a0f62-5b13-4b19-9d42-736870b268a0', 'billetterie', 'tribunes', ''),(10, 'shape', 'Tribune 13', 'Sièges, Personnel', '85', 'Tribune accueillant les spectateurs des 24H du Mans.', 'af3a0f62-5b13-4b19-9d42-736870b268a0', 'billetterie', 'tribunes', ''),(11, 'shape', 'Tribune 12', 'Sièges, Personnel', '100', 'Tribune accueillant les spectateurs des 24H du Mans.', 'af3a0f62-5b13-4b19-9d42-736870b268a0', 'billetterie', 'tribunes', ''),(12, 'shape', 'Tribune 11', 'Sièges, Personnel', '100', 'Tribune accueillant les spectateurs des 24H du Mans.', 'af3a0f62-5b13-4b19-9d42-736870b268a0', 'billetterie', 'tribunes', ''),(13, 'shape', 'Tribune 5', 'Sièges, Personnel', '100', 'Tribune accueillant les spectateurs des 24H du Mans.', 'af3a0f62-5b13-4b19-9d42-736870b268a0', 'billetterie', 'tribunes', ''),(14, 'shape', 'Tribune 34', 'Sièges, Personnel', '780', 'Tribune accueillant les spectateurs des 24H du Mans.', 'af3a0f62-5b13-4b19-9d42-736870b268a0', 'billetterie', 'tribunes', ''),(15, 'shape', 'Tribune 23', 'Sièges, Personnel', '200', 'Tribune accueillant les spectateurs des 24H du Mans.', 'af3a0f62-5b13-4b19-9d42-736870b268a0', 'billetterie', 'tribunes', ''),(16, 'shape', 'Parking Nord-Ouest', 'Places, Bornes de recharge', '500', 'Parking pouvant accueillir un grand nombre de véhicules de tout genre, sauf les caravanes. ', '0b7956e6-1262-49f7-aaab-c5ab60d16cba', '', 'parkingsRouge', ''),(17, 'shape', 'Parking Nord-Ouest', 'Places, Bornes de recharge', '1100', 'Parking pouvant accueillir un grand nombre de véhicules de tout genre, sauf les caravanes. ', '0b7956e6-1262-49f7-aaab-c5ab60d16cba', '', 'parkingsRouge', ''),(18, 'shape', 'Parking Nord-Est', 'Places, Bornes de recharge', '785', 'Parking pouvant accueillir un grand nombre de véhicules de tout genre, sauf les caravanes. ', '0b7956e6-1262-49f7-aaab-c5ab60d16cba', '', 'parkingsVip', ''),(19, 'shape', 'Parking Nord-Est', 'Places, Bornes de recharge', '750', 'Parking pouvant accueillir un grand nombre de véhicules de tout genre, sauf les caravanes. ', '0b7956e6-1262-49f7-aaab-c5ab60d16cba', '', 'parkingsVip', ''),(20, 'shape', 'Parking Sud-Ouest', 'Places, Bornes de recharge', '850', 'Parking pouvant accueillir un grand nombre de véhicules de tout genre, sauf les caravanes. ', '0b7956e6-1262-49f7-aaab-c5ab60d16cba', '', 'parkingsBleu', ''),(21, 'shape', 'Parking Sud-Ouest', 'Places, Bornes de recharge', '1700', 'Parking pouvant accueillir un grand nombre de véhicules de tout genre, sauf les caravanes. ', '0b7956e6-1262-49f7-aaab-c5ab60d16cba', '', 'parkingsBleu', ''),(22, 'shape', 'Parking Sud-Ouest', 'Places, Bornes de recharge', '400', 'Parking pouvant accueillir un grand nombre de véhicules de tout genre, sauf les caravanes. ', '0b7956e6-1262-49f7-aaab-c5ab60d16cba', '', 'parkingsBleu', ''),(23, 'shape', 'Base de campement', 'Electricité, Eau, Tentes, Personnel', '250', 'Reposez-vous au sein de notre domaine.', 'af3a0f62-5b13-4b19-9d42-736870b268a0', 'billetterie', 'emplacements', ''),(24, 'shape', 'Base de campement', 'Electricité, Eau, Tentes, Personnel', '550', 'Reposez-vous au sein de notre domaine.', 'af3a0f62-5b13-4b19-9d42-736870b268a0', 'billetterie', 'emplacements', ''),(25, 'shape', 'Base de campement', 'Electricité, Eau, Tentes, Personnel', '750', 'Reposez-vous au sein de notre domaine.', 'af3a0f62-5b13-4b19-9d42-736870b268a0', 'billetterie', 'emplacements', ''),(26, 'shape', 'Base de campement', 'Electricité, Eau, Tentes, Personnel', '425', 'Reposez-vous au sein de notre domaine.', 'af3a0f62-5b13-4b19-9d42-736870b268a0', 'billetterie', 'emplacements', ''),(27, 'shape', 'Base de campement', 'Electricité, Eau, Tentes, Personnel', '385', 'Reposez-vous au sein de notre domaine.', 'af3a0f62-5b13-4b19-9d42-736870b268a0', 'billetterie', 'emplacements', ''),(28, 'shape', 'Ecuries piste des 24H du Mans', 'F1, F2, F3, F4, bolides', '1200', 'Garages avec tous les plus grands sponsors, tous au même endroit, rien que pour vous, vos yeux et vos coeurs.', 'af3a0f62-5b13-4b19-9d42-736870b268a0', '', 'garages', ''),(29, 'shape', '', '', '', '', NULL, '', 'garages', ''),(30, 'shape', '', '', '', '', NULL, '', 'garages', ''),(31, 'shape', '', '', '', '', NULL, '', 'garages', ''),(32, 'shape', 'Garage Porsche', 'Voitures, Prototypes, F1, F2, F3, F4', '250', 'Garage dun sponsor.', '45309281-fc24-4e02-ad47-a275c64f5327', 'ecurie', 'garages', ''),(33, 'shape', '', '', '', '', NULL, '', 'garages', ''),(34, 'shape', '', '', '', '', NULL, '', 'garages', ''),(35, 'shape', '', '', '', '', NULL, '', 'garages', ''),(36, 'shape', '', '', '', '', NULL, '', 'garages', ''),(37, 'shape', '', '', '', '', NULL, '', 'garages', ''),(38, 'shape', '', '', '', '', NULL, '', 'garages', ''),(39, 'shape', '', '', '', '', NULL, '', 'garages', ''),(40, 'shape', '', '', '', '', NULL, '', 'garages', ''),(41, 'shape', '', '', '', '', NULL, '', 'garages', ''),(42, 'shape', '', '', '', '', NULL, '', 'garages', ''),(43, 'shape', '', '', '', '', NULL, '', 'garages', ''),(44, 'shape', '', '', '', '', NULL, '', 'garages', ''),(45, 'shape', '', '', '', '', NULL, '', 'garages', ''),(46, 'shape', 'Garage Kart24', 'Voitures, Prototypes, Karts', '300', 'Garage dun sponsor.', '524aaa51-09c1-48f1-85d3-ac878394e1ff', '', 'garages', ''),(47, 'shape', 'Base de campement', 'Electricité, Eau, Tentes, Personnel', '800', 'Reposez-vous au sein de notre domaine.', 'af3a0f62-5b13-4b19-9d42-736870b268a0', 'billetterie', 'emplacements', ''),(48, 'shape', '', '', '', '', NULL, '', 'garages', ''),(49, 'shape', '', '', '', '', NULL, '', 'garages', ''),(50, 'shape', '', '', '', '', NULL, '', 'garages', ''),(51, 'shape', 'Parking Nord-Ouest', 'Places, Bornes de recharge', '450', 'Parking pouvant accueillir un grand nombre de véhicules de tout genre, sauf les caravanes. ', '0b7956e6-1262-49f7-aaab-c5ab60d16cba', '', 'parkingsVip', ''),(52, 'shape', 'Parking Central', 'Places, Bornes de recharge', '850', 'Parking pouvant accueillir un grand nombre de véhicules de tout genre, sauf les caravanes. ', '0b7956e6-1262-49f7-aaab-c5ab60d16cba', '', 'parkingsVip', ''),(53, 'shape', 'Boutique Kart24', 'Aire de jeu, Boutique, Fast Food', '125', 'Retrouvez tous ce quil vous faut au sein du village des 24H du Mans, boutique, fast food, aire de repos et de jeux.', '524aaa51-09c1-48f1-85d3-ac878394e1ff', '', 'boutique', ''),(54, 'shape', 'Boutique 24H du Mans', 'Aire de jeu, Boutique, Fast Food', '125', 'Retrouvez tous ce quil vous faut au sein du village des 24H du Mans, boutique, fast food, aire de repos et de jeux.', '255da203-781d-4e50-924f-0423638cdb68', '', 'boutique', ''),(55, 'shape', 'Boutique Porsche', 'Aire de jeu, Boutique, Fast Food', '125', 'Retrouvez tous ce quil vous faut au sein du village des 24H du Mans, boutique, fast food, aire de repos et de jeux.', '45309281-fc24-4e02-ad47-a275c64f5327', 'boutique', 'boutique', ''),(56, 'shape', '', '', '', '', NULL, '', 'boutique', ''),(57, 'shape', 'Boutique 24H du Mans', 'Aire de jeu, Boutique, Fast Food', '125', 'Retrouvez tous ce quil vous faut au sein du village des 24H du Mans, boutique, fast food, aire de repos et de jeux.', 'af3a0f62-5b13-4b19-9d42-736870b268a0', '', 'boutique', ''),(58, 'shape', '', '', '', '', NULL, '', 'garages', ''),(59, 'shape', '', '', '', '', NULL, '', 'garages', ''),(60, 'shape', '', '', '', '', NULL, '', 'boutique', ''),(61, 'shape', '', '', '', '', NULL, '', 'boutique', ''),(62, 'shape', 'Boutique Codeky', 'Aire de jeu, Boutique, Fast Food', '125', 'Retrouvez tous ce quil vous faut au sein du village des 24H du Mans, boutique, fast food, aire de repos et de jeux.', '0b7956e6-1262-49f7-aaab-c5ab60d16cba', '', 'boutique', ''),(63, 'shape', 'Parking Nord-Est', 'Places, Bornes de recharge', '650', 'Parking pouvant accueillir un grand nombre de véhicules de tout genre, sauf les caravanes. ', '0b7956e6-1262-49f7-aaab-c5ab60d16cba', '', 'parkingsRouge', ''),(64, 'shape', 'Parking Nord-Est', 'Places, Bornes de recharge', '350', 'Parking pouvant accueillir un grand nombre de véhicules de tout genre, sauf les caravanes. ', '0b7956e6-1262-49f7-aaab-c5ab60d16cba', '', 'parkingsRouge', ''),(65, 'shape', 'Site Est de départ de Montgolfière', 'Gaz, Montgolfière, Personnel', '200', 'Site de départ des montgolfières Est, grand tour au dessus des 24H Du Mans.', '255da203-781d-4e50-924f-0423638cdb68', '', 'montgolfieres', ''),(66, 'shape', 'Site Ouest de départ de Montgolfière', 'Gaz, Montgolfière, Personnel', '150', 'Site de départ des montgolfières Ouest, grand tour au dessus des 24H Du Mans.', '255da203-781d-4e50-924f-0423638cdb68', '', 'montgolfieres', ''),(67, 'shape', 'Piste Karting Pro', 'Essences, Karts, Personnels', '650', 'Piste avec Karts très puissants, réservé aux personnes qualifiés.', '524aaa51-09c1-48f1-85d3-ac878394e1ff', '', 'pistes', ''),(68, 'shape', 'Piste Karting Amateur', 'Essences, Karts, Personnels', '525', 'Piste avec Karts moyennement puissants, réservé aux personnes amateurs.', '524aaa51-09c1-48f1-85d3-ac878394e1ff', '', 'pistes', ''),(69, 'shape', 'Piste Karting Débutant', 'Essences, Karts, Personnels', '350', 'Piste avec Karts de location, réservé aux personnes débutantes et tout type dâge.', '524aaa51-09c1-48f1-85d3-ac878394e1ff', '', 'pistes', ''),(70, 'marker', '', '', '', '', NULL, '', '', '/markers/parkingMarker.png'),(71, 'marker', '', '', '', '', NULL, '', '', '/markers/parkingMarker.png'),(72, 'marker', '', '', '', '', NULL, '', '', '/markers/parkingMarker.png'),(73, 'marker', '', '', '', '', NULL, '', '', '/markers/parkingMarker.png'),(74, 'marker', '', '', '', '', NULL, '', '', '/markers/parkingMarker.png'),(75, 'marker', '', '', '', '', NULL, '', '', '/markers/parkingMarker.png'),(76, 'marker', '', '', '', '', NULL, '', '', '/markers/parkingMarker.png'),(77, 'marker', '', '', '', '', NULL, '', '', '/markers/parkingMarker.png'),(78, 'marker', '', '', '', '', NULL, '', '', '/markers/parkingMarker.png'),(79, 'marker', '', '', '', '', NULL, '', '', '/markers/campingMarker.png'),(80, 'marker', '', '', '', '', NULL, '', '', '/markers/campingMarker.png'),(81, 'marker', '', '', '', '', NULL, '', '', '/markers/campingMarker.png'),(82, 'marker', '', '', '', '', NULL, '', '', '/markers/campingMarker.png'),(83, 'marker', '', '', '', '', NULL, '', '', '/markers/campingMarker.png'),(84, 'marker', '', '', '', '', NULL, '', '', '/markers/campingMarker.png'),(85, 'marker', '', '', '', '', NULL, '', '', '/markers/parkingMarker.png'),(86, 'marker', '', '', '', '', NULL, '', '', '/markers/parkingMarker.png'),(87, 'marker', '', '', '', '', NULL, '', '', '/markers/ballonMarker.png'),(88, 'marker', '', '', '', '', NULL, '', '', '/markers/ballonMarker.png'),(89, 'marker', '', '', '', '', NULL, '', '', '/markers/village_service.png'),(90, 'marker', '', '', '', '', NULL, '', '', '/markers/raceCarMarker.png'),(91, 'marker', '', '', '', '', NULL, '', '', '/markers/kartingMarker.png'),(92, 'marker', '', '', '', '', NULL, '', '', '/markers/codeky_presta.png'),(93, 'marker', '', '', '', '', NULL, '', '', '/markers/codeky_presta.png'),(94, 'marker', '', '', '', '', NULL, '', '', '/markers/codeky_presta.png'),(95, 'marker', '', '', '', '', NULL, '', '', '/markers/codeky_presta.png'),(96, 'marker', '', '', '', '', NULL, '', '', '/markers/codeky_presta.png'),(97, 'marker', '', '', '', '', NULL, '', '', '/markers/codeky_presta.png'),(98, 'marker', '', '', '', '', NULL, '', '', '/markers/codeky_presta.png'),(99, 'marker', '', '', '', '', NULL, '', '', '/markers/codeky_presta.png'),(100, 'marker', '', '', '', '', NULL, '', '', '/markers/codeky_presta.png'),(101, 'marker', '', '', '', '', NULL, '', '', '/markers/codeky_presta.png'),(102, 'marker', '', '', '', '', NULL, '', '', '/markers/codeky_presta.png'),(103, 'marker', '', '', '', '', NULL, '', '', '/markers/montgolfiere_presta.png'),(104, 'marker', '', '', '', '', NULL, '', '', '/markers/montgolfiere_presta.png'),(105, 'marker', '', '', '', '', NULL, '', '', '/markers/karting_presta.png'),(106, 'marker', '', '', '', '', NULL, '', '', '/markers/karting_presta.png'),(107, 'marker', '', '', '', '', NULL, '', '', '/markers/karting_presta.png'),(108, 'marker', '', '', '', '', NULL, '', '', '/markers/karting_presta.png'),(109, 'marker', '', '', '', '', NULL, '', '', '/markers/organisateurs_presta.png'),(110, 'marker', '', '', '', '', NULL, '', '', '/markers/organisateurs_presta.png'),(111, 'marker', '', '', '', '', NULL, '', '', '/markers/organisateurs_presta.png'),(112, 'marker', '', '', '', '', NULL, '', '', '/markers/organisateurs_presta.png'),(113, 'marker', '', '', '', '', NULL, '', '', '/markers/organisateurs_presta.png'),(114, 'marker', '', '', '', '', NULL, '', '', '/markers/organisateurs_presta.png'),(115, 'marker', '', '', '', '', NULL, '', '', '/markers/porsche_presta.png'),(116, 'marker', '', '', '', '', NULL, '', '', '/markers/porsche_presta.png'),(117, 'marker', '', '', '', '', NULL, '', '', '/markers/organisateurs_presta.png'),(118, 'marker', '', '', '', '', NULL, '', '', '/markers/organisateurs_presta.png'),(119, 'marker', '', '', '', '', NULL, '', '', '/markers/organisateurs_presta.png'),(120, 'marker', '', '', '', '', NULL, '', '', '/markers/organisateurs_presta.png'),(121, 'marker', '', '', '', '', NULL, '', '', '/markers/organisateurs_presta.png'),(122, 'marker', '', '', '', '', NULL, '', '', '/markers/organisateurs_presta.png'),(123, 'marker', '', '', '', '', NULL, '', '', '/markers/organisateurs_presta.png'),(124, 'marker', '', '', '', '', NULL, '', '', '/markers/organisateurs_presta.png'),(125, 'marker', '', '', '', '', NULL, '', '', '/markers/organisateurs_presta.png'),(126, 'marker', '', '', '', '', NULL, '', '', '/markers/organisateurs_presta.png'),(127, 'marker', '', '', '', '', NULL, '', '', '/markers/organisateurs_presta.png'),(128, 'marker', '', '', '', '', NULL, '', '', '/markers/organisateurs_presta.png'),(129, 'marker', '', '', '', '', NULL, '', '', '/markers/organisateurs_presta.png'),(130, 'marker', '', '', '', '', NULL, '', '', '/markers/organisateurs_presta.png'),(131, 'marker', '', '', '', '', NULL, '', '', '/markers/codeky_presta.png'),(132, 'marker', '', '', '', '', NULL, '', '', '/markers/montgolfiere_presta.png'),(133, 'marker', '', '', '', '', NULL, '', '', '/markers/karting_presta.png'),(134, 'marker', '', '', '', '', NULL, '', '', '/markers/organisateurs_presta.png');
INSERT INTO Point (`point_id`, `lat`, `lng`, `shape_id`)
               VALUES(1, 47.94976405693712, 0.2070558071136475, 1),(2, 47.949426314751214, 0.20706117153167725, 1),(3, 47.94942990776481, 0.2071630954742432, 1),(4, 47.94977124291711, 0.2071577310562134, 1),(5, 47.94992574124491, 0.20713090896606448, 2),(6, 47.950202399887125, 0.20714163780212402, 2),(7, 47.95019880692722, 0.20698070526123047, 2),(8, 47.949929334223775, 0.20698070526123047, 2),(9, 47.9502742590324, 0.20713627338409427, 3),(10, 47.950784456090794, 0.2071470022201538, 3),(11, 47.95079523484753, 0.20698606967926028, 3),(12, 47.950256294255446, 0.20698070526123047, 3),(13, 47.950881464820704, 0.20715236663818362, 4),(14, 47.951398841638124, 0.2071630954742432, 4),(15, 47.95139524876142, 0.20700216293334964, 4),(16, 47.950874278995094, 0.20699679851531985, 4),(17, 47.95151740642928, 0.20721137523651126, 5),(18, 47.95151381356082, 0.20710945129394534, 5),(19, 47.95147069911979, 0.20709872245788574, 5),(20, 47.951477884862456, 0.20700216293334964, 5),(21, 47.95151022069211, 0.206943154335022, 5),(22, 47.95157129942622, 0.2069324254989624, 5),(23, 47.952131783262786, 0.2069377899169922, 5),(24, 47.952131783262786, 0.2072328329086304, 5),(25, 47.95255214215088, 0.20724356174468997, 6),(26, 47.952164118683264, 0.20722746849060059, 6),(27, 47.95216771150653, 0.20706653594970706, 6),(28, 47.95223597510079, 0.20707726478576663, 6),(29, 47.952573698924745, 0.20707726478576663, 6),(30, 47.95263836919244, 0.20729184150695804, 7),(31, 47.95299764698358, 0.2073025703430176, 7),(32, 47.95299764698358, 0.20709335803985598, 7),(33, 47.95263836919244, 0.20707726478576663, 7),(34, 47.95307309500239, 0.20731866359710696, 8),(35, 47.95343596250611, 0.20731866359710696, 8),(36, 47.953432369771036, 0.2071201801300049, 8),(37, 47.953076687762426, 0.20710408687591553, 8),(38, 47.953489853502205, 0.20732939243316653, 9),(39, 47.95385271807936, 0.2073776721954346, 9),(40, 47.9538742743107, 0.20718991756439212, 9),(41, 47.9535078171551, 0.2071255445480347, 9),(42, 47.95392816484968, 0.2073776721954346, 10),(43, 47.95415450449967, 0.2074152231216431, 10),(44, 47.95416887523762, 0.20727038383483887, 10),(45, 47.95393894295072, 0.20723819732666018, 10),(46, 47.95432336041821, 0.2074152231216431, 11),(47, 47.95468262649409, 0.20746350288391116, 11),(48, 47.95470058973232, 0.20726501941680908, 11),(49, 47.954330545764215, 0.20721673965454104, 11),(50, 47.95518918741696, 0.20739912986755374, 12),(51, 47.9551784095767, 0.20760834217071536, 12),(52, 47.954797591110804, 0.20753860473632815, 12),(53, 47.9548227395866, 0.20733475685119632, 12),(54, 47.95764288386666, 0.21063923835754397, 13),(55, 47.95727286097019, 0.21007597446441653, 13),(56, 47.957197419083556, 0.21018862724304202, 13),(57, 47.95757103496789, 0.21075189113616946, 13),(58, 47.95239405886763, 0.20801067352294922, 14),(59, 47.952383280444366, 0.20823597908020022, 14),(60, 47.95195573450744, 0.20821988582611084, 14),(61, 47.95195214166944, 0.20867586135864258, 14),(62, 47.95186591348283, 0.20869195461273196, 14),(63, 47.951887470542964, 0.2082091569900513, 14),(64, 47.951499442084476, 0.20819842815399173, 14),(65, 47.9514886634746, 0.20869195461273196, 14),(66, 47.95140962026675, 0.20868659019470218, 14),(67, 47.95141680601792, 0.20819306373596194, 14),(68, 47.951039552731125, 0.20818233489990234, 14),(69, 47.951021588220215, 0.20865976810455325, 14),(70, 47.95093895138954, 0.20866513252258304, 14),(71, 47.95096050883636, 0.20816624164581302, 14),(72, 47.950565287549004, 0.20816624164581302, 14),(73, 47.9505545087443, 0.2086436748504639, 14),(74, 47.95046468528417, 0.20864903926849368, 14),(75, 47.95048264998868, 0.20815551280975345, 14),(76, 47.95027785198703, 0.20814478397369388, 14),(77, 47.9502742590324, 0.20792484283447268, 14),(78, 47.94793519254747, 0.20727038383483887, 15),(79, 47.9473135795019, 0.20756006240844727, 15),(80, 47.947274054720204, 0.20742058753967288, 15),(81, 47.94791004071968, 0.20713627338409427, 15),(82, 47.9589806266146, 0.20596095988752788, 16),(83, 47.95879309513009, 0.20747891777187724, 16),(84, 47.958731989917965, 0.20754863683384087, 16),(85, 47.95779743060979, 0.20747891777187724, 16),(86, 47.95770037925118, 0.20736093166699113, 16),(87, 47.95726184861711, 0.20598263944187956, 16),(88, 47.95734452270986, 0.20539270891748898, 16),(89, 47.95892608857722, 0.20585929033223316, 16),(90, 47.96025362073041, 0.20821267003390712, 17),(91, 47.95988699873832, 0.20815903998622434, 17),(92, 47.95942692040045, 0.20807323190993993, 17),(93, 47.95926157874698, 0.20807323190993993, 17),(94, 47.959240012405374, 0.20892058666314386, 17),(95, 47.959196879695085, 0.20911365483475391, 17),(96, 47.959053103734064, 0.2092638189682417, 17),(97, 47.95861458458174, 0.20917801089195723, 17),(98, 47.95837016245511, 0.20928527098728278, 17),(99, 47.958223443327505, 0.20936181719425576, 17),(100, 47.958467866148254, 0.2098981176709236, 17),(101, 47.959330525684585, 0.21134612895803875, 17),(102, 47.959495867117376, 0.21160355318685214, 17),(103, 47.96020767999338, 0.2127726882260728, 17),(104, 47.96050960230179, 0.21334116673138231, 17),(105, 47.96077558001634, 0.21394182326529346, 17),(106, 47.96096967099781, 0.2144244936943185, 17),(107, 47.96135136714892, 0.2154434646000514, 17),(108, 47.961649127034356, 0.2163451842975617, 17),(109, 47.961663503926, 0.21439305056234037, 17),(110, 47.96101653984118, 0.2129343132657047, 17),(111, 47.96068586618006, 0.21212986255066293, 17),(112, 47.96051333995138, 0.21165791813115845, 17),(113, 47.96036956765403, 0.21087491943515785, 17),(114, 47.96022579495656, 0.20998466064383162, 17),(115, 47.96017547441792, 0.20956634627200987, 17),(116, 47.96022579495656, 0.20862245743300092, 17),(117, 47.95937402567139, 0.22103338430037314, 18),(118, 47.95928057166267, 0.22118354843386093, 18),(119, 47.958475422431725, 0.22156968477708097, 18),(120, 47.95823099964672, 0.22150532871987763, 18),(121, 47.95642654860269, 0.2207437820429581, 18),(122, 47.95666379078427, 0.21961755104185968, 18),(123, 47.957468968247746, 0.21998223536603856, 18),(124, 47.95767026065304, 0.22003586541372136, 18),(125, 47.95785717432714, 0.22003586541372136, 18),(126, 47.958072843110855, 0.219971509356518, 18),(127, 47.95859044451866, 0.21974626315626636, 18),(128, 47.9587342217672, 0.2197140851276647, 18),(129, 47.95890675393733, 0.2198427972421113, 18),(130, 47.959223061419436, 0.22030401565205532, 18),(131, 47.959409969475864, 0.22061506992855145, 18),(132, 47.95948185700983, 0.22076523406203918, 18),(133, 47.95941715823377, 0.22089394617644587, 18),(134, 47.96090003929409, 0.21860056544588338, 19),(135, 47.96141761237733, 0.21997349466623467, 19),(136, 47.96187767298694, 0.221174807734057, 19),(137, 47.96141761237733, 0.22229031272559488, 19),(138, 47.96088689437265, 0.22206922560590317, 19),(139, 47.96103066523028, 0.22056758427114526, 19),(140, 47.96094440276373, 0.21949498331772954, 19),(141, 47.950060601542816, 0.20603219235749037, 20),(142, 47.94770220830159, 0.20446619496548915, 20),(143, 47.94655173352094, 0.20710479331090603, 20),(144, 47.947932300184654, 0.20654704081511716, 20),(145, 47.94839248087776, 0.20637542466258824, 20),(146, 47.94883827701693, 0.20637542466258824, 20),(147, 47.949269688974205, 0.20637542466258824, 20),(148, 47.950060601542816, 0.206332520624426, 20),(149, 47.947572781167196, 0.2043589348701636, 21),(150, 47.944065953471046, 0.2021245444935227, 21),(151, 47.94376209667442, 0.20174156807486468, 21),(152, 47.94276973805143, 0.20049735096888013, 21),(153, 47.94314367252297, 0.20455178257277054, 21),(154, 47.94328749275333, 0.2057959996787551, 21),(155, 47.94337378469945, 0.20684714861308964, 21),(156, 47.94360389585156, 0.20710457284190298, 21),(157, 47.943834005979305, 0.20716892889910635, 21),(158, 47.94426545970787, 0.20721183293722858, 21),(159, 47.94643705546046, 0.20710457284190298, 21),(160, 47.9431193050635, 0.2063790679229616, 22),(161, 47.94163793270639, 0.20660431412321326, 22),(162, 47.94142219532671, 0.20560679523652153, 22),(163, 47.940429791783934, 0.2058320414367332, 22),(164, 47.94065991604118, 0.20759110700034447, 22),(165, 47.941098587569066, 0.20752675094314113, 22),(166, 47.942126934100465, 0.20746239488593782, 22),(167, 47.94325593435622, 0.2073873128191739, 22),(168, 47.95621039274456, 0.21908106293148322, 23),(169, 47.95612412222934, 0.2180299139971487, 23),(170, 47.95608597264897, 0.21796094820419223, 23),(171, 47.955341934421696, 0.21904431897828316, 23),(172, 47.955927861041005, 0.22001502284113353, 23),(173, 47.95598896956961, 0.21908722301644537, 23),(174, 47.95607272167667, 0.21792353577775542, 24),(175, 47.955116546203115, 0.21929646499810665, 24),(176, 47.95424303209053, 0.2180468848874018, 24),(177, 47.95381029390902, 0.2185557852494924, 24),(178, 47.95457237926881, 0.2198858104317214, 24),(179, 47.95319917960419, 0.2194031400026564, 24),(180, 47.95271923179654, 0.21864227734493816, 24),(181, 47.95484375574316, 0.21575672356641817, 24),(182, 47.9549336230869, 0.2158318056331821, 24),(183, 47.95309323436196, 0.21783678081542138, 25),(184, 47.95274813061866, 0.21833017725400697, 25),(185, 47.95266904401955, 0.21816928711099862, 25),(186, 47.952503680739376, 0.2183623552826086, 25),(187, 47.95264028522622, 0.21858760148282033, 25),(188, 47.95245335267952, 0.21900591585464207, 25),(189, 47.95237426562926, 0.21902736787372315, 25),(190, 47.95225203994987, 0.2189415597974387, 25),(191, 47.95026936004262, 0.21556233258090973, 25),(192, 47.94917646389674, 0.21381399302681903, 25),(193, 47.948572485058705, 0.21288083019737059, 25),(194, 47.948191399541095, 0.21284865216876894, 25),(195, 47.9481842092213, 0.21188331131071883, 25),(196, 47.94977324557769, 0.21293446024505341, 25),(197, 47.95130449566493, 0.21372785424707, 25),(198, 47.951793405612456, 0.21415689462845228, 25),(199, 47.951426723585435, 0.21516513952466457, 25),(200, 47.9481427524243, 0.21283669096757943, 26),(201, 47.94805646843954, 0.2117855420332449, 26),(202, 47.94790547111959, 0.21094891328960144, 26),(203, 47.94759628475461, 0.20980123026946187, 26),(204, 47.946819715495124, 0.2100479284887147, 26),(205, 47.9466399524294, 0.21032680473660917, 26),(206, 47.94688443004571, 0.2123969245767166, 26),(207, 47.946970715987156, 0.2124720066434405, 26),(208, 47.94711452556947, 0.21253636270064383, 26),(209, 47.947193620669154, 0.2126865268341316, 26),(210, 47.94727990609441, 0.21280451293897776, 26),(211, 47.94142184918883, 0.21839395104697348, 27),(212, 47.94048697680013, 0.21541212039649874, 27),(213, 47.93992604525197, 0.2147471078053842, 27),(214, 47.938962379408714, 0.21501525804371815, 27),(215, 47.93977502417987, 0.21743933619844394, 27),(216, 47.94059484755393, 0.2192091277715358, 27),(217, 47.95056474860335, 0.2089333534240723, 28),(218, 47.95055037686306, 0.20945906639099124, 28),(219, 47.950636607244796, 0.20955562591552737, 28),(220, 47.953058185040014, 0.20964682102203372, 28),(221, 47.95307614884295, 0.2089333534240723, 28),(222, 47.95168213917449, 0.20887970924377441, 28),(223, 47.95166776774496, 0.20923376083374026, 28),(224, 47.95151686749355, 0.20922839641571048, 28),(225, 47.951502496018044, 0.20904600620269775, 28),(226, 47.951480938797296, 0.20887434482574466, 28),(227, 47.95084140382476, 0.20885288715362552, 28),(228, 47.95107781715147, 0.20982384681701663, 29),(229, 47.950883800246714, 0.20980775356292727, 29),(230, 47.95089098607098, 0.2100169658660889, 29),(231, 47.95107063135316, 0.21018862724304202, 29),(232, 47.95146225590376, 0.21042466163635257, 30),(233, 47.95113889639666, 0.21038174629211429, 30),(234, 47.95111374612797, 0.21029591560363772, 30),(235, 47.95112811771159, 0.20974338054656985, 30),(236, 47.95152333469456, 0.20977556705474856, 30),(237, 47.95123231157322, 0.2104514837265015, 31),(238, 47.95148740600284, 0.2104836702346802, 31),(239, 47.95150177748255, 0.21031737327575686, 31),(240, 47.9516634563537, 0.21036565303802493, 31),(241, 47.9519293271753, 0.21069288253784182, 31),(242, 47.95208022622229, 0.21119177341461184, 31),(243, 47.951997591084464, 0.2113473415374756, 31),(244, 47.951932920014855, 0.21130442619323733, 31),(245, 47.951864656020255, 0.21125614643096927, 31),(246, 47.95164926451806, 0.20981311798095706, 32),(247, 47.95192232109355, 0.2097916603088379, 32),(248, 47.95205166317834, 0.20989894866943362, 32),(249, 47.95274202108608, 0.2099740505218506, 32),(250, 47.95270968602722, 0.21090209484100345, 32),(251, 47.95242226239243, 0.21086454391479495, 32),(252, 47.952285735605884, 0.21078407764434817, 32),(253, 47.952174358223395, 0.2106285095214844, 32),(254, 47.951710882021565, 0.2099740505218506, 32),(255, 47.95387157978228, 0.21128833293914795, 33),(256, 47.952366214602876, 0.2110952138900757, 33),(257, 47.952190166646155, 0.21144390106201175, 33),(258, 47.953828467308355, 0.21162629127502444, 33),(259, 47.95396858271702, 0.21027982234954837, 34),(260, 47.95359494078297, 0.2102369070053101, 34),(261, 47.9535626062578, 0.21101474761962893, 34),(262, 47.953936248425656, 0.21104156970977786, 34),(263, 47.95354536115846, 0.21024227142333987, 35),(264, 47.95315734514887, 0.2101939916610718, 35),(265, 47.953132195862516, 0.21096646785736087, 35),(266, 47.95351661933176, 0.21098256111145022, 35),(267, 47.95302728728984, 0.21018862724304202, 36),(268, 47.95278297880375, 0.2101564407348633, 36),(269, 47.952761422117185, 0.2109235525131226, 36),(270, 47.95299495240947, 0.21092891693115237, 36),(271, 47.94910024772768, 0.20978093147277835, 37),(272, 47.94905713127305, 0.2096521854400635, 37),(273, 47.94897089825589, 0.20959854125976565, 37),(274, 47.94881999012958, 0.20951807498931888, 37),(275, 47.948543324086955, 0.20945370197296145, 37),(276, 47.94849302101099, 0.20938932895660403, 37),(277, 47.94847505561484, 0.209464430809021, 37),(278, 47.9483636700194, 0.20931422710418704, 37),(279, 47.9483528907555, 0.20923912525177005, 37),(280, 47.94819838772572, 0.20923912525177005, 37),(281, 47.9481947946265, 0.20910501480102542, 37),(282, 47.94826306346881, 0.20901918411254886, 37),(283, 47.94815167741648, 0.20894944667816165, 37),(284, 47.948061849780075, 0.20890653133392337, 37),(285, 47.947950463294106, 0.2088636159896851, 37),(286, 47.947846262815695, 0.2088636159896851, 37),(287, 47.947551625843424, 0.20894944667816165, 37),(288, 47.94763067495209, 0.2095770835876465, 37),(289, 47.94769175827138, 0.20960927009582522, 37),(290, 47.947907345880246, 0.20957171916961673, 37),(291, 47.94809418774717, 0.20956099033355716, 37),(292, 47.94843553172136, 0.2096575498580933, 37),(293, 47.948510986400876, 0.2096199989318848, 37),(294, 47.948794838732354, 0.20964145660400393, 37),(295, 47.947537971883264, 0.20944297313690188, 38),(296, 47.94747688838217, 0.2089333534240723, 38),(297, 47.94709601315873, 0.209040641784668, 38),(298, 47.94686245620892, 0.20915865898132327, 38),(299, 47.946661237067396, 0.20931422710418704, 38),(300, 47.94672232153246, 0.20977556705474856, 38),(301, 47.946443667978215, 0.20985603332519534, 39),(302, 47.94631431185761, 0.20934104919433594, 39),(303, 47.94577730084517, 0.20953953266143802, 39),(304, 47.94588150549476, 0.2100813388824463, 39),(305, 47.945856352667555, 0.21010816097259524, 40),(306, 47.945752147967255, 0.2095502614974976, 40),(307, 47.94557248419751, 0.2096199989318848, 40),(308, 47.94552936479985, 0.20967900753021243, 40),(309, 47.944742429473955, 0.20999550819396975, 40),(310, 47.94464181587441, 0.21002769470214847, 40),(311, 47.94446574160395, 0.2101939916610718, 40),(312, 47.94454838878519, 0.21060168743133548, 40),(313, 47.944742429473955, 0.21047294139862063, 40),(314, 47.944746022813185, 0.21053731441497803, 40),(315, 47.94554014465264, 0.211063027381897, 41),(316, 47.94543953260587, 0.21052658557891848, 41),(317, 47.94548265207846, 0.21039247512817386, 41),(318, 47.94476758284323, 0.21066606044769287, 41),(319, 47.9447711761807, 0.21136343479156497, 41),(320, 47.945622790116, 0.21137952804565432, 42),(321, 47.94547187221369, 0.21053731441497803, 42),(322, 47.94551499165931, 0.21038174629211429, 42),(323, 47.94614381282063, 0.21012961864471436, 42),(324, 47.94626957613489, 0.21119177341461184, 42),(325, 47.94654625434909, 0.21036028861999514, 43),(326, 47.94643127137498, 0.2101993560791016, 43),(327, 47.94618333846665, 0.2102905511856079, 43),(328, 47.9463198813749, 0.21128296852111816, 43),(329, 47.94663249141179, 0.21119713783264163, 43),(330, 47.94677262633183, 0.21237194538116458, 44),(331, 47.94664327103451, 0.21123468875885013, 44),(332, 47.94632347460447, 0.21134197711944583, 44),(333, 47.946406118815304, 0.21207153797149658, 44),(334, 47.94648516967594, 0.21205008029937747, 44),(335, 47.9465498475629, 0.2125060558319092, 44),(336, 47.94671872833063, 0.2124738693237305, 44),(337, 47.94638096624338, 0.21206617355346682, 45),(338, 47.94627676260073, 0.21121323108673098, 45),(339, 47.94560841700141, 0.2114224433898926, 45),(340, 47.94555092450319, 0.2110952138900757, 45),(341, 47.9447711761807, 0.21140635013580325, 45),(342, 47.94477836285488, 0.21277427673339847, 45),(343, 47.94501552254265, 0.21292448043823245, 45),(344, 47.94573418161837, 0.2127635478973389, 45),(345, 47.945859945929335, 0.2124685049057007, 45),(346, 47.94592821785568, 0.21234512329101565, 45),(347, 47.94600008294393, 0.21230757236480716, 45),(348, 47.94635940688627, 0.21220028400421143, 45),(349, 47.94633066106281, 0.21206080913543704, 45),(350, 47.94461306909571, 0.2107411623001099, 46),(351, 47.94389080103397, 0.2108055353164673, 46),(352, 47.94391236142074, 0.2114653587341309, 46),(353, 47.944271699876516, 0.21140635013580325, 46),(354, 47.94429685347486, 0.21220564842224124, 46),(355, 47.94394110858913, 0.21224319934844973, 46),(356, 47.943977042527145, 0.2129781246185303, 46),(357, 47.94465259591228, 0.2129083871841431, 46),(358, 47.95128997735212, 0.21759152412414554, 47),(359, 47.95048516503586, 0.21813869476318362, 47),(360, 47.94922043464411, 0.21584272384643555, 47),(361, 47.94908389939856, 0.21597146987915042, 47),(362, 47.949055155090385, 0.2162289619445801, 47),(363, 47.949184504351315, 0.21657228469848636, 47),(364, 47.94833654218998, 0.21773099899291995, 47),(365, 47.94947913201492, 0.2217650413513184, 47),(366, 47.94999652287169, 0.22152900695800784, 47),(367, 47.94991747738159, 0.22098183631896973, 47),(368, 47.95160615019005, 0.22032737731933597, 47),(369, 47.95151273568926, 0.22015571594238284, 47),(370, 47.9515774072847, 0.22000551223754886, 47),(371, 47.95057858139411, 0.21831035614013675, 47),(372, 47.951376206499766, 0.21772027015686038, 47),(373, 47.955029315888986, 0.21040320396423343, 48),(374, 47.954935907576285, 0.21032810211181643, 48),(375, 47.95459101388201, 0.21029591560363772, 48),(376, 47.954447307496636, 0.21039247512817386, 48),(377, 47.9543395274453, 0.21041393280029297, 48),(378, 47.95426767395287, 0.2105212211608887, 48),(379, 47.95420300572423, 0.2107787132263184, 48),(380, 47.954188634995774, 0.21097183227539065, 48),(381, 47.95451916073928, 0.21155118942260745, 48),(382, 47.95463412571969, 0.21173357963562014, 48),(383, 47.9548281285441, 0.21180868148803714, 48),(384, 47.954986204381036, 0.211787223815918, 48),(385, 47.955898723622305, 0.2111220359802246, 49),(386, 47.95558257704822, 0.2113902568817139, 49),(387, 47.95546761417807, 0.21140098571777347, 49),(388, 47.955079612602795, 0.21180868148803714, 49),(389, 47.95518020588356, 0.21039247512817386, 49),(390, 47.95555383635465, 0.2105855941772461, 49),(391, 47.95575502087391, 0.2108430862426758, 49),(392, 47.95506380509138, 0.21420121192932132, 50),(393, 47.95306626877952, 0.21184086799621585, 50),(394, 47.95383511383902, 0.21190524101257324, 50),(395, 47.95466861518587, 0.21321415901184085, 50),(396, 47.95908451091617, 0.21205544471740725, 51),(397, 47.95883304635013, 0.21259188652038577, 51),(398, 47.95852410249336, 0.21293520927429202, 51),(399, 47.95816486312759, 0.21198034286499026, 51),(400, 47.95796368799169, 0.21207690238952637, 51),(401, 47.9578774698365, 0.21143317222595218, 51),(402, 47.95769066334002, 0.21090745925903323, 51),(403, 47.95816486312759, 0.21048903465271, 51),(404, 47.958511169897605, 0.21461963653564456, 52),(405, 47.95824533294069, 0.21419048309326175, 52),(406, 47.95789327648713, 0.21309614181518557, 52),(407, 47.956923312623886, 0.21204471588134768, 52),(408, 47.9567580577058, 0.21213054656982425, 52),(409, 47.9558958495603, 0.21041393280029297, 52),(410, 47.95573059135593, 0.20998477935791018, 52),(411, 47.95543599933296, 0.2092123031616211, 52),(412, 47.95505518276552, 0.2101564407348633, 52),(413, 47.95551503638203, 0.21041393280029297, 52),(414, 47.95578088738715, 0.21072506904602054, 52),(415, 47.955910219813966, 0.21105766296386722, 52),(416, 47.95657843219532, 0.21237730979919436, 52),(417, 47.95652813694047, 0.21249532699584964, 52),(418, 47.95726100581291, 0.2139222621917725, 52),(419, 47.957728024671425, 0.21461963653564456, 52),(420, 47.95818785449988, 0.21502733230590823, 52),(421, 47.958331550482015, 0.21504878997802737, 52),(422, 47.954277553813995, 0.20942687988281253, 53),(423, 47.95428473916637, 0.2097219228744507, 53),(424, 47.954223663639404, 0.2097272872924805, 53),(425, 47.95421647827853, 0.20964145660400393, 53),(426, 47.954101512368915, 0.20962536334991458, 53),(427, 47.954101512368915, 0.2093625068664551, 53),(428, 47.95405121470299, 0.20937323570251468, 53),(429, 47.95405840008684, 0.20924985408782962, 53),(430, 47.9542200709591, 0.20924448966979983, 53),(431, 47.95427396113744, 0.20929813385009766, 53),(432, 47.954004509683685, 0.20923376083374026, 54),(433, 47.95400810237899, 0.20971655845642093, 54),(434, 47.95394702652504, 0.20970582962036136, 54),(435, 47.95395780462216, 0.20963072776794434, 54),(436, 47.95383565272317, 0.2096199989318848, 54),(437, 47.95383924543021, 0.20935714244842532, 54),(438, 47.953785354798484, 0.2093678712844849, 54),(439, 47.953785354798484, 0.20923376083374026, 54),(440, 47.953727871396026, 0.20969510078430179, 55),(441, 47.95373864953887, 0.2092230319976807, 55),(442, 47.953508715337556, 0.2092123031616211, 55),(443, 47.953508715337556, 0.20934104919433594, 55),(444, 47.95357697716035, 0.20935177803039554, 55),(445, 47.953555420805024, 0.20960927009582522, 55),(446, 47.953695536954065, 0.20959317684173587, 55),(447, 47.953677573366434, 0.20966827869415283, 55),(448, 47.953454105811645, 0.20996332168579102, 56),(449, 47.95345051307784, 0.21012425422668457, 56),(450, 47.9533247672371, 0.2101564407348633, 56),(451, 47.95332835997966, 0.21007061004638675, 56),(452, 47.953245726837736, 0.21008670330047607, 56),(453, 47.953245726837736, 0.20993113517761233, 56),(454, 47.95336069465141, 0.2099472284317017, 56),(455, 47.95336428739145, 0.20986139774322513, 56),(456, 47.9534361421401, 0.20983994007110596, 56),(457, 47.95339446640354, 0.20814478397369388, 57),(458, 47.953398059141236, 0.2085739374160767, 57),(459, 47.95335494627229, 0.2085685729980469, 57),(460, 47.95335853901274, 0.20870804786682132, 57),(461, 47.953232792948185, 0.20874023437500003, 57),(462, 47.95321123644925, 0.20857930183410647, 57),(463, 47.9531896799413, 0.20850419998168948, 57),(464, 47.95321123644925, 0.2080589532852173, 57),(465, 47.952029207992226, 0.21165311336517337, 58),(466, 47.95152261609083, 0.2110254764556885, 58),(467, 47.951393272681884, 0.21133661270141604, 58),(468, 47.95150177745512, 0.21100401878356936, 59),(469, 47.95084068525263, 0.21012961864471436, 59),(470, 47.950761641053695, 0.21011352539062503, 59),(471, 47.9506466674576, 0.21025300025939941, 59),(472, 47.95058918056361, 0.210338830947876, 59),(473, 47.950492171285035, 0.21038174629211429, 59),(474, 47.95040594066229, 0.21043002605438235, 59),(475, 47.95033408170012, 0.21047294139862063, 59),(476, 47.9502873733211, 0.21074652671813965, 59),(477, 47.95136884111548, 0.21132588386535645, 59),(478, 47.95428976891793, 0.20876705646514895, 60),(479, 47.95428617624219, 0.2086812257766724, 60),(480, 47.95422869339689, 0.20867049694061282, 60),(481, 47.95423587875606, 0.20859003067016602, 60),(482, 47.95407061524256, 0.20859003067016602, 60),(483, 47.954067022551605, 0.20877242088317874, 60),(484, 47.95402031754659, 0.20875632762908936, 61),(485, 47.95401313215745, 0.20855247974395752, 61),(486, 47.95379397730881, 0.20855247974395752, 61),(487, 47.95379397730881, 0.20876169204711914, 61),(488, 47.953746553497886, 0.2087509632110596, 62),(489, 47.953746553497886, 0.20850419998168948, 62),(490, 47.953484284757586, 0.20850956439971924, 62),(491, 47.95348069202586, 0.20857930183410647, 62),(492, 47.95353099024711, 0.2085953950881958, 62),(493, 47.95352739751865, 0.20874023437500003, 62),(494, 47.95570616185386, 0.2225589752197266, 63),(495, 47.95552653268646, 0.2224516868591309, 63),(496, 47.955368458502576, 0.22234439849853518, 63),(497, 47.95518882816115, 0.22217273712158206, 63),(498, 47.95503793819174, 0.2219796180725098, 63),(499, 47.95492297410977, 0.22174358367919925, 63),(500, 47.95477926864762, 0.22134661674499514, 63),(501, 47.95475052750723, 0.22113204002380374, 63),(502, 47.95470741576667, 0.22086381912231448, 63),(503, 47.9546858598829, 0.22054195404052737, 63),(504, 47.9547002304731, 0.22032737731933597, 63),(505, 47.953888285861716, 0.2199196815490723, 63),(506, 47.95383798798827, 0.22037029266357425, 63),(507, 47.95383798798827, 0.22077798843383792, 63),(508, 47.95385235881424, 0.22118568420410156, 63),(509, 47.953888285861716, 0.22162556648254397, 63),(510, 47.953960139881715, 0.22202253341674807, 63),(511, 47.95405354995835, 0.22229075431823733, 63),(512, 47.95415414523665, 0.22253751754760745, 63),(513, 47.95426911102918, 0.22274136543273929, 63),(514, 47.95440563257559, 0.22294521331787112, 63),(515, 47.95452778312715, 0.22310614585876468, 63),(516, 47.95464993338998, 0.22329926490783691, 63),(517, 47.95475771279383, 0.22343873977661136, 63),(518, 47.95489423304932, 0.2235674858093262, 63),(519, 47.955023567695484, 0.2236425876617432, 63),(520, 47.95516008724856, 0.22371768951416018, 63),(521, 47.95533971768991, 0.2238893508911133, 63),(522, 47.953786073343366, 0.22134661674499514, 64),(523, 47.953764517075236, 0.22100865840911868, 64),(524, 47.953771702498926, 0.22082626819610598, 64),(525, 47.953764517075236, 0.22054731845855716, 64),(526, 47.953768109787205, 0.22032737731933597, 64),(527, 47.953786073343366, 0.22012889385223391, 64),(528, 47.953796851474046, 0.2199035882949829, 64),(529, 47.95304596965868, 0.21957635879516604, 64),(530, 47.95296692883284, 0.22016108036041263, 64),(531, 47.953581288433114, 0.22138953208923343, 64),(532, 47.948017474875556, 0.21892189979553225, 65),(533, 47.94923911840296, 0.22373914718627932, 65),(534, 47.94926067655886, 0.2240395545959473, 65),(535, 47.949267862608814, 0.22431850433349612, 65),(536, 47.94924630445592, 0.2247905731201172, 65),(537, 47.949152885689415, 0.22498369216918948, 65),(538, 47.94902353634935, 0.22506952285766604, 65),(539, 47.94890137278648, 0.22520899772644046, 65),(540, 47.9488151395094, 0.22532701492309573, 65),(541, 47.94862830024883, 0.22546648979187014, 65),(542, 47.948405529478435, 0.22548794746398929, 65),(543, 47.94823306112576, 0.22540211677551272, 65),(544, 47.94804621976089, 0.22531628608703616, 65),(545, 47.94790249517442, 0.22512316703796387, 65),(546, 47.94772283887931, 0.2247262001037598, 65),(547, 47.94652271880885, 0.21990895271301272, 65),(548, 47.94647960020389, 0.2195549011230469, 65),(549, 47.94653709166917, 0.21913647651672366, 65),(550, 47.946637701579505, 0.21885752677917483, 65),(551, 47.94678142968313, 0.21860003471374514, 65),(552, 47.94694671650819, 0.21844983100891116, 65),(553, 47.94707607104607, 0.21832108497619632, 65),(554, 47.94738508335385, 0.2182459831237793, 65),(555, 47.94755755453625, 0.21829962730407718, 65),(556, 47.94770846634872, 0.21844983100891116, 65),(557, 47.94785219147474, 0.21862149238586426, 65),(558, 47.952691542419174, 0.20472764968872073, 66),(559, 47.944614326734715, 0.20017862319946292, 66),(560, 47.9444705926049, 0.20071506500244143, 66),(561, 47.95264842896073, 0.2051997184753418, 66),(562, 47.9436154385842, 0.2109992504301772, 67),(563, 47.94192705163992, 0.2111870050612197, 67),(564, 47.9418444270337, 0.2112942934218154, 67),(565, 47.94176180229541, 0.21139085294635154, 67),(566, 47.94170791652538, 0.2115195989790664, 67),(567, 47.941503150087, 0.211728811282228, 67),(568, 47.94143489442728, 0.2118629217329726, 67),(569, 47.94142770961576, 0.2120560407820449, 67),(570, 47.94147081846993, 0.2122062444868789, 67),(571, 47.94154985127591, 0.21228134633929585, 67),(572, 47.94166121547924, 0.21228134633929585, 67),(573, 47.94172228606953, 0.21222233774096824, 67),(574, 47.941786948968875, 0.2121150493803725, 67),(575, 47.941840834656546, 0.21201312543780662, 67),(576, 47.941916274524885, 0.21190047265918113, 67),(577, 47.94200608374842, 0.2118682861510024, 67),(578, 47.942156962892724, 0.2118360996428237, 67),(579, 47.942979605718946, 0.211653709429811, 67),(580, 47.94306582080308, 0.21168053151995994, 67),(581, 47.943098151422554, 0.2117663622084365, 67),(582, 47.943148443457105, 0.21261394025714253, 67),(583, 47.94315203574342, 0.2127051353636489, 67),(584, 47.943116112869085, 0.21278560163409568, 67),(585, 47.94306582080308, 0.21286070348651265, 67),(586, 47.94297601342065, 0.21287679674060203, 67),(587, 47.94285028282311, 0.21287143232257225, 67),(588, 47.942749698124906, 0.21279096605212547, 67),(589, 47.94268503642984, 0.2126944065275893, 67),(590, 47.94267785179208, 0.2125978470030532, 67),(591, 47.94273532886635, 0.212453007716249, 67),(592, 47.942832321284214, 0.2123135328474746, 67),(593, 47.94283591359251, 0.21220088006884907, 67),(594, 47.94279639818772, 0.21204531194598533, 67),(595, 47.942724551919774, 0.21199166776568745, 67),(596, 47.942358134400095, 0.2121150493803725, 67),(597, 47.94230424925167, 0.2121686935606704, 67),(598, 47.94226832578816, 0.21225988866717674, 67),(599, 47.94226114109249, 0.21235644819171287, 67),(600, 47.94224677169808, 0.21243155004412986, 67),(601, 47.942203663490986, 0.21250665189654686, 67),(602, 47.94212822404202, 0.21253883840472557, 67),(603, 47.94168995458955, 0.21258175374896385, 67),(604, 47.941636068744636, 0.2125978470030532, 67),(605, 47.94158218284354, 0.2126353979292617, 67),(606, 47.94112235420278, 0.2133166790190444, 67),(607, 47.94111876177543, 0.21341860296161033, 67),(608, 47.94114031633583, 0.21351516248614646, 67),(609, 47.94120497996312, 0.2135741710844741, 67),(610, 47.94128760559137, 0.213600993174623, 67),(611, 47.941366638677444, 0.2135795355025039, 67),(612, 47.94142770961576, 0.21352052690417622, 67),(613, 47.941503150087, 0.2133917808714614, 67),(614, 47.941636068744636, 0.21312355996997215, 67),(615, 47.94172228606953, 0.21308600904376365, 67),(616, 47.94179413373048, 0.21307528020770408, 67),(617, 47.94185520416378, 0.2131396532240615, 67),(618, 47.9419126821527, 0.2132093906584487, 67),(619, 47.94195938297164, 0.21330058576495506, 67),(620, 47.942049192120294, 0.21337568761737205, 67),(621, 47.943550777972106, 0.21330058576495506, 67),(622, 47.94361184633011, 0.21323084833056782, 67),(623, 47.94362262309167, 0.21313428880603172, 67),(624, 47.94359029280023, 0.2130001783552871, 67),(625, 47.94354000119556, 0.21285533906848286, 67),(626, 47.94348970954196, 0.21269977094561912, 67),(627, 47.94343223330649, 0.2125227451506362, 67),(628, 47.94342864103964, 0.2124047279539809, 67),(629, 47.94347534048906, 0.21227598192126607, 67),(630, 47.94364417660809, 0.21224379541308738, 67),(631, 47.943805827694604, 0.21217942239672996, 67),(632, 47.94388844916587, 0.21209895612628318, 67),(633, 47.943917187037954, 0.2119809389296279, 67),(634, 47.943917187037954, 0.21178245546252583, 67),(635, 47.94391000257143, 0.2116161585036025, 67),(636, 47.94389922586976, 0.2114444971266494, 67),(637, 47.94386330351469, 0.21127283574969627, 67),(638, 47.943795050971254, 0.2111494541350112, 67),(639, 47.94373398282966, 0.21105825902850486, 67),(640, 47.94058670387456, 0.21117091180713035, 68),(641, 47.940453782518794, 0.21114408971698143, 68),(642, 47.940403487862625, 0.21117091180713035, 68),(643, 47.94018793878201, 0.21114408971698143, 68),(644, 47.940134051371444, 0.21117091180713035, 68),(645, 47.93977480053214, 0.21114408971698143, 68),(646, 47.93970654259044, 0.21113336088092186, 68),(647, 47.93964546961887, 0.21110117437274314, 68),(648, 47.93959517417633, 0.21105825902850486, 68),(649, 47.93926825260716, 0.21083831788928367, 68),(650, 47.93918562375138, 0.21080613138110496, 68),(651, 47.93910658733102, 0.21081149579913475, 68),(652, 47.93904551365068, 0.21088659765155174, 68),(653, 47.93898084732229, 0.21095097066790913, 68),(654, 47.93884432925227, 0.21092951299579002, 68),(655, 47.9387185886057, 0.21096706392199852, 68),(656, 47.938754514535944, 0.21142303945453025, 68),(657, 47.93877247749169, 0.21148741247088765, 68),(658, 47.938826366321486, 0.2115464210692153, 68),(659, 47.93900599534851, 0.2115142345610366, 68),(660, 47.939074254215114, 0.2114391327086196, 68),(661, 47.939358066431026, 0.21135866643817283, 68),(662, 47.93943350992247, 0.21135330202014305, 68),(663, 47.93949458314448, 0.21141231061847066, 68),(664, 47.93952332345925, 0.21149814130694725, 68),(665, 47.93951254584308, 0.2115893364134536, 68),(666, 47.93944788009884, 0.21164298059375145, 68),(667, 47.93935088133086, 0.21165907384784077, 68),(668, 47.93925388238087, 0.21166980268390037, 68),(669, 47.939164068375995, 0.21168053151995994, 68),(670, 47.93908143935376, 0.21169662477404927, 68),(671, 47.939027550789795, 0.21175026895434715, 68),(672, 47.938998810199415, 0.2118414640608535, 68),(673, 47.939002402774086, 0.21197557451159812, 68),(674, 47.939034735934904, 0.2121150493803725, 68),(675, 47.93906706907551, 0.2122062444868789, 68),(676, 47.93909940219589, 0.21232426168353413, 68),(677, 47.939102994763594, 0.2124154567900405, 68),(678, 47.93909580962796, 0.21253347398669578, 68),(679, 47.93907784678455, 0.21268367769152977, 68),(680, 47.93907066164545, 0.2128499746504531, 68),(681, 47.93905629136423, 0.21300554277331687, 68),(682, 47.93901318049659, 0.21311819555194236, 68),(683, 47.93902036564371, 0.213252306002687, 68),(684, 47.93904192107899, 0.21340250970752098, 68),(685, 47.93906706907551, 0.21348834039599754, 68),(686, 47.939113772465134, 0.2135419845762954, 68),(687, 47.93918562375138, 0.21359562875659324, 68),(688, 47.93925388238087, 0.213600993174623, 68),(689, 47.93946943535591, 0.21348834039599754, 68),(690, 47.93956643390148, 0.21341323854358055, 68),(691, 47.939656247207324, 0.21333277227313377, 68),(692, 47.93974606035714, 0.21326303483874656, 68),(693, 47.94066933049097, 0.2122706175032363, 68),(694, 47.9407196248885, 0.21214723588855125, 68),(695, 47.940744772068925, 0.2119809389296279, 68),(696, 47.94076273433316, 0.2118253708067641, 68),(697, 47.94076991923713, 0.21173954011828755, 68),(698, 47.938541273311046, 0.21067202093036033, 69),(699, 47.938523310274945, 0.21055936815173484, 69),(700, 47.93849456940424, 0.21048426629931785, 69),(701, 47.93843708761489, 0.2104628086271987, 69),(702, 47.93837242052548, 0.21048963071734764, 69),(703, 47.93766466987117, 0.21067202093036033, 69),(704, 47.9376071871591, 0.2107149362745986, 69),(705, 47.93758563112562, 0.21079003812701558, 69),(706, 47.937592816471124, 0.2109026909056411, 69),(707, 47.93761437250163, 0.21102070810229637, 69),(708, 47.937653891867505, 0.21114408971698143, 69),(709, 47.937725745182675, 0.21124601365954732, 69),(710, 47.937955675120136, 0.21188437940509178, 69),(711, 47.938009564801305, 0.21195948125750877, 69),(712, 47.938067047065985, 0.21200776101977684, 69),(713, 47.93813889980697, 0.21199166776568745, 69),(714, 47.93821434507752, 0.2119809389296279, 69),(715, 47.93826464186339, 0.21199166776568745, 69),(716, 47.93830056810904, 0.21205067636401512, 69),(717, 47.93829338286191, 0.2121311426344619, 69),(718, 47.93826104923745, 0.21224379541308738, 69),(719, 47.93823949347655, 0.21234035493762352, 69),(720, 47.93826104923745, 0.21243155004412986, 69),(721, 47.93831134597787, 0.2125227451506362, 69),(722, 47.938455050680936, 0.21279633047015525, 69),(723, 47.93851971766699, 0.2128875255766616, 69),(724, 47.93860594018924, 0.2128928899946914, 69),(725, 47.93866701438885, 0.21283388139636375, 69),(726, 47.938692162567705, 0.2127319574537978, 69),(727, 47.93867419958405, 0.2126353979292617, 69),(728, 47.938623903196614, 0.21250128747851707, 69),(729, 47.93857001415577, 0.2124047279539809, 69),(730, 47.93857360676027, 0.21231889726550435, 69),(731, 47.93860594018924, 0.21217942239672996, 69),(732, 47.93866701438885, 0.2120882272902236, 69),(733, 47.93872449592256, 0.2120184898558364, 69),(734, 47.938753236665455, 0.2119058370772109, 69),(735, 47.93873168110979, 0.21182000638873433, 69),(736, 47.938677792181295, 0.21177709104449607, 69),(737, 47.93860953279122, 0.21178245546252583, 69),(738, 47.9385448659175, 0.21180927755267479, 69),(739, 47.93849456940424, 0.2118360996428237, 69),(740, 47.938440680228595, 0.21179854871661521, 69),(741, 47.938379605761625, 0.21171808244616844, 69),(742, 47.938365235288316, 0.21160006524951316, 69),(743, 47.938343679570885, 0.2114391327086196, 69),(744, 47.938322123844465, 0.21121382715136863, 69),(745, 47.93827182711452, 0.21112799646289207, 69),(746, 47.93819638192784, 0.21112263204486226, 69),(747, 47.93814608507556, 0.211154818553041, 69),(748, 47.938102973448956, 0.21120846273333885, 69),(749, 47.93809578817437, 0.2112835645857558, 69),(750, 47.93811734399516, 0.21138548852832176, 69),(751, 47.93814967770949, 0.2114444971266494, 69),(752, 47.93817482614, 0.2115142345610366, 69),(753, 47.93818560403506, 0.21159470083148338, 69),(754, 47.93814967770949, 0.21166443826587059, 69),(755, 47.93810656608587, 0.211653709429811, 69),(756, 47.93806345442633, 0.21159470083148338, 69),(757, 47.9379197486348, 0.21120846273333885, 69),(758, 47.93790178538278, 0.21111726762683247, 69),(759, 47.937944897177154, 0.21102607252032615, 69),(760, 47.93831493860031, 0.21091341974170064, 69),(761, 47.93836164266937, 0.21091878415973045, 69),(762, 47.9384047540803, 0.21098315717608787, 69),(763, 47.93842630977227, 0.2110743522825942, 69),(764, 47.93849456940424, 0.21147131921679832, 69),(765, 47.9385448659175, 0.21156251432330467, 69),(766, 47.93861312539294, 0.2115517854872451, 69),(767, 47.93867419958405, 0.2115195989790664, 69),(768, 47.93869575516371, 0.21143376829058982, 69),(769, 47.938663421790864, 0.2112621069136367, 69),(770, 47.93855564373539, 0.21079003812701558, 69),(771, 47.94807747982196, 0.205672119310032, 70),(772, 47.958209049715265, 0.20653314751764465, 71),(773, 47.959703467780656, 0.21039365888798403, 72),(774, 47.95856828877381, 0.2119378634360958, 73),(775, 47.957533673522974, 0.21354640984037057, 74),(776, 47.961312792738994, 0.22109585429786807, 75),(777, 47.95807972304273, 0.22067105289473424, 76),(778, 47.95437222077322, 0.22189345468144775, 77),(779, 47.95339500533342, 0.22024201370639768, 78),(780, 47.94028991066119, 0.2168083392107434, 79),(781, 47.94733010805995, 0.211315705198647, 80),(782, 47.95053510691206, 0.21453399248103636, 81),(783, 47.949600934944854, 0.21893068598610735, 82),(784, 47.95484645101738, 0.2176009542918722, 83),(785, 47.95572304697993, 0.21903792241304568, 84),(786, 47.94488517466123, 0.20520400994428203, 85),(787, 47.941048287844616, 0.20664167397626446, 86),(788, 47.94867050119827, 0.2026977537752828, 87),(789, 47.947942350876275, 0.2218723297119141, 88),(790, 47.95475887511937, 0.20906639092572735, 89),(791, 47.95226834882291, 0.21185159683227542, 90),(792, 47.94121554952592, 0.21013498306274417, 91),(793, 47.94559966929122, 0.2057147026062012, 92),(794, 47.948627098910094, 0.20578122135702875, 93),(795, 47.9416087357933, 0.20700645440228982, 94),(796, 47.957930045738976, 0.20697212215964103, 95),(797, 47.95975750782311, 0.21105980869833732, 96),(798, 47.95819880648558, 0.21163916584555412, 97),(799, 47.957709844913964, 0.2140316962868383, 98),(800, 47.96120871509491, 0.22034016765628556, 99),(801, 47.95846487170803, 0.22084442295108533, 100),(802, 47.95358090378899, 0.22088956826337383, 101),(803, 47.9546728155395, 0.22249889367230935, 102),(804, 47.948229837797655, 0.22326707839965823, 103),(805, 47.94737691019997, 0.20201539990011955, 104),(806, 47.93971603000618, 0.21214342114035392, 105),(807, 47.93842080631041, 0.21218526361735715, 106),(808, 47.94343736209269, 0.21165418623240842, 107),(809, 47.94436782622631, 0.2124963998630847, 108),(810, 47.947650134109935, 0.21198248859946037, 109),(811, 47.95077581780417, 0.21545863148276115, 110),(812, 47.94943949243716, 0.21972870823447013, 111),(813, 47.95592764069518, 0.21862363812033442, 112),(814, 47.954957875350686, 0.21830177303854728, 113),(815, 47.95324914867069, 0.20809650421142578, 114),(816, 47.95350886292003, 0.2092026471927966, 115),(817, 47.95232691800457, 0.21031308172496213, 116),(818, 47.951813182565786, 0.20919191835673703, 117),(819, 47.950523475382724, 0.20792591570170774, 118),(820, 47.94942386961144, 0.20705687998088254, 119),(821, 47.94993395123936, 0.20698714254649533, 120),(822, 47.950336498417194, 0.2069656848743762, 121),(823, 47.95095792424997, 0.20698714254649533, 122),(824, 47.951547295450915, 0.2069227695301379, 123),(825, 47.95225511315994, 0.20705687998088254, 124),(826, 47.95272565582237, 0.20706224439891233, 125),(827, 47.9531638672731, 0.20708906648906125, 126),(828, 47.953606041797734, 0.2071051597431506, 127),(829, 47.954019103031484, 0.20723390577586545, 128),(830, 47.9544287793062, 0.20720708368571653, 129),(831, 47.95493175008685, 0.20734119413646115, 130),(832, 47.95355211866061, 0.20848917959483518, 131),(833, 47.95383599213293, 0.20921874044688596, 132),(834, 47.954123338149, 0.20922410486491574, 133),(835, 47.94047756719348, 0.21750783917013908, 134);
INSERT INTO Billetteries (`billetterie_label`, `billetterie_id`, `prestataire_id`)
               VALUES('Tribunes', 'dab91561-09f1-47cb-8d91-e21e873d6b4e', 'af3a0f62-5b13-4b19-9d42-736870b268a0');
INSERT INTO BilletterieCategories (`category_label`, `category_id`, `billetterie_id`)
               VALUES('Tribune', 1, 'dab91561-09f1-47cb-8d91-e21e873d6b4e'),('Tribune personne à mobilité réduite', 2, 'dab91561-09f1-47cb-8d91-e21e873d6b4e'),('Tribune VIP', 3, 'dab91561-09f1-47cb-8d91-e21e873d6b4e');
INSERT INTO BilletterieForfaits (`forfait_label`, `forfait_id`, `billetterie_id`)
               VALUES('Mercredi 11 juin 2025', 1, 'dab91561-09f1-47cb-8d91-e21e873d6b4e'),('Jeudi 12 juin 2025', 2, 'dab91561-09f1-47cb-8d91-e21e873d6b4e'),('Vendredi 13 juin 2025', 3, 'dab91561-09f1-47cb-8d91-e21e873d6b4e'),('Samedi 14 juin 2025', 4, 'dab91561-09f1-47cb-8d91-e21e873d6b4e'),('Dimanche 15 juin 2025', 5, 'dab91561-09f1-47cb-8d91-e21e873d6b4e');
INSERT INTO BilletteriePersonnes (`personne_label`, `personne_id`, `billetterie_id`)
               VALUES('Famille (x2 adulte) nombre denfants : ', 1, 'dab91561-09f1-47cb-8d91-e21e873d6b4e'),('Étudiant nombre de places : ', 2, 'dab91561-09f1-47cb-8d91-e21e873d6b4e'),('Sénior nombre de places : ', 3, 'dab91561-09f1-47cb-8d91-e21e873d6b4e'),('Adulte nombre de places : ', 4, 'dab91561-09f1-47cb-8d91-e21e873d6b4e'),('Mineur nombre de places : ', 5, 'dab91561-09f1-47cb-8d91-e21e873d6b4e');
INSERT INTO Ecurie (`id`, `name`, `prestataire_id`)
               VALUES('d8d755cb-9aba-43f5-9546-14db654a1f06', 'Porsche', '45309281-fc24-4e02-ad47-a275c64f5327');
INSERT INTO Karting (`karting_id`, `prestataire_id`, `enabled`)
               VALUES('1278aadd-b56a-458b-b8aa-ddb56a258bf8', '524aaa51-09c1-48f1-85d3-ac878394e1ff', 1);
INSERT INTO KartingCircuit (`circuit_id`, `karting_id`, `minAge`, `circuit_name`, `kart_power`)
               VALUES('1a945660-cef6-4e73-9456-60cef62e734f', '1278aadd-b56a-458b-b8aa-ddb56a258bf8', 8, 'Piste Junior', 160),('45e11ba5-9136-48aa-a11b-a59136b8aa38', '1278aadd-b56a-458b-b8aa-ddb56a258bf8', 16, 'Piste Amateur', 270),('7c9c6893-7402-48df-9c68-937402f8df02', '1278aadd-b56a-458b-b8aa-ddb56a258bf8', 18, 'Piste Confirmé', 390);
INSERT INTO KartingSessionSlot (`session_id`, `circuit_id`, `from_date`, `to_date`, `maxSize`)
               VALUES('002f1313-778d-5fb9-84ef-afa849197ffe', '7c9c6893-7402-48df-9c68-937402f8df02', '2025-04-01 14:30:00', '2025-04-01 14:45:00', 10),('00b9300e-c535-53bf-b2ab-c887b7fc5ccd', '1a945660-cef6-4e73-9456-60cef62e734f', '2025-04-04 16:45:00', '2025-04-04 17:00:00', 10),('01669e61-ee47-5460-a375-c24ea48df56c', '7c9c6893-7402-48df-9c68-937402f8df02', '2025-04-03 19:30:00', '2025-04-03 19:45:00', 10),('0261c26d-1aa1-531f-b0bd-3afde57e66b2', '7c9c6893-7402-48df-9c68-937402f8df02', '2025-04-04 17:30:00', '2025-04-04 17:45:00', 10),('0297f56b-5f53-5892-9a6a-523e42281962', '45e11ba5-9136-48aa-a11b-a59136b8aa38', '2025-04-02 18:15:00', '2025-04-02 18:30:00', 10),('043f8ee9-e67b-589e-bbaa-250182c9e49f', '45e11ba5-9136-48aa-a11b-a59136b8aa38', '2025-03-31 16:45:00', '2025-03-31 17:00:00', 10),('058a1fa0-5878-59da-b181-11cc202f674b', '7c9c6893-7402-48df-9c68-937402f8df02', '2025-04-04 19:00:00', '2025-04-04 19:15:00', 10),('060eb4a0-58d7-526d-8dd8-225101378d43', '1a945660-cef6-4e73-9456-60cef62e734f', '2025-04-04 14:45:00', '2025-04-04 15:00:00', 10),('0744d2d0-1cdc-5774-aeaa-17408a8b96b1', '1a945660-cef6-4e73-9456-60cef62e734f', '2025-04-01 15:45:00', '2025-04-01 16:00:00', 10),('07f1010b-198b-5636-93b4-d95a91e0f993', '7c9c6893-7402-48df-9c68-937402f8df02', '2025-04-04 15:00:00', '2025-04-04 15:15:00', 10),('0929f38f-b484-5fe8-9eb4-96cc1a8f301d', '7c9c6893-7402-48df-9c68-937402f8df02', '2025-04-03 17:15:00', '2025-04-03 17:30:00', 10),('0a3264f1-1132-5703-9da4-50a30f95e74a', '45e11ba5-9136-48aa-a11b-a59136b8aa38', '2025-03-31 17:15:00', '2025-03-31 17:30:00', 10),('0a50db9d-addf-5dc9-8213-cead8742c07e', '1a945660-cef6-4e73-9456-60cef62e734f', '2025-04-04 17:00:00', '2025-04-04 17:15:00', 10),('0aab6727-dec6-5a51-b18c-8a36f6f30980', '1a945660-cef6-4e73-9456-60cef62e734f', '2025-03-31 14:00:00', '2025-03-31 14:15:00', 10),('0b6801e6-8424-5236-bdcc-215fe1413862', '7c9c6893-7402-48df-9c68-937402f8df02', '2025-03-31 18:45:00', '2025-03-31 19:00:00', 10),('0be38fe4-d023-5f33-8c2f-188f1d711239', '45e11ba5-9136-48aa-a11b-a59136b8aa38', '2025-04-04 19:45:00', '2025-04-04 20:00:00', 10),('0c7abf7d-89b4-5269-bf58-b7d7f963d167', '1a945660-cef6-4e73-9456-60cef62e734f', '2025-04-02 16:45:00', '2025-04-02 17:00:00', 10),('0cc4a109-3c4b-55db-a290-4c58a3cea4f2', '7c9c6893-7402-48df-9c68-937402f8df02', '2025-04-04 19:30:00', '2025-04-04 19:45:00', 10),('0ccbccba-f13d-51f7-b290-f58f5db92761', '45e11ba5-9136-48aa-a11b-a59136b8aa38', '2025-04-04 16:15:00', '2025-04-04 16:30:00', 10),('0ceae915-543c-5ab8-9777-83597a5701b2', '1a945660-cef6-4e73-9456-60cef62e734f', '2025-04-04 19:15:00', '2025-04-04 19:30:00', 10),('0d6369f2-307a-5e3e-bfc1-004ce94c4cda', '1a945660-cef6-4e73-9456-60cef62e734f', '2025-04-01 19:15:00', '2025-04-01 19:30:00', 10),('0dcf0034-767d-5d73-be93-64d6bfb37077', '1a945660-cef6-4e73-9456-60cef62e734f', '2025-04-02 16:15:00', '2025-04-02 16:30:00', 10),('0e02c0f0-de85-507e-84cf-2bc701c0502b', '7c9c6893-7402-48df-9c68-937402f8df02', '2025-04-02 15:15:00', '2025-04-02 15:30:00', 10),('0e3d5783-e7eb-5933-ba9c-317937587b66', '45e11ba5-9136-48aa-a11b-a59136b8aa38', '2025-04-02 18:00:00', '2025-04-02 18:15:00', 10),('0e480c4e-45bc-5a9f-9ea2-83a115ced6a0', '45e11ba5-9136-48aa-a11b-a59136b8aa38', '2025-04-02 14:30:00', '2025-04-02 14:45:00', 10),('0fb28608-2e53-5749-94f3-21da8247e45f', '1a945660-cef6-4e73-9456-60cef62e734f', '2025-04-03 16:45:00', '2025-04-03 17:00:00', 10),('106a8f58-f893-551b-a15f-d3357eae19e2', '45e11ba5-9136-48aa-a11b-a59136b8aa38', '2025-04-02 18:30:00', '2025-04-02 18:45:00', 10),('1080570c-d2c2-53a2-bfc9-0b5ca99b21ce', '1a945660-cef6-4e73-9456-60cef62e734f', '2025-04-03 19:15:00', '2025-04-03 19:30:00', 10),('10871315-d1c6-560b-9936-a0e66240f1e0', '1a945660-cef6-4e73-9456-60cef62e734f', '2025-04-01 16:30:00', '2025-04-01 16:45:00', 10),('10c85c32-14ca-533e-9774-b63644de52e5', '45e11ba5-9136-48aa-a11b-a59136b8aa38', '2025-04-03 18:30:00', '2025-04-03 18:45:00', 10),('11acfeb5-9970-5504-aa22-d4d1f536dd74', '1a945660-cef6-4e73-9456-60cef62e734f', '2025-04-02 16:00:00', '2025-04-02 16:15:00', 10),('1249d18b-8719-5afa-8571-095416a280ab', '45e11ba5-9136-48aa-a11b-a59136b8aa38', '2025-04-02 17:45:00', '2025-04-02 18:00:00', 10),('124fe105-3ab9-5fdf-a895-c0dddff96bb7', '1a945660-cef6-4e73-9456-60cef62e734f', '2025-04-02 17:15:00', '2025-04-02 17:30:00', 10),('12d2c93e-40ce-5879-961e-5da1333d0519', '1a945660-cef6-4e73-9456-60cef62e734f', '2025-04-03 14:30:00', '2025-04-03 14:45:00', 10),('13abe207-400e-5a54-85ab-f91d1a42d1aa', '1a945660-cef6-4e73-9456-60cef62e734f', '2025-04-01 17:45:00', '2025-04-01 18:00:00', 10),('15253411-ccf7-5ba2-b3cd-7cea0f98621d', '1a945660-cef6-4e73-9456-60cef62e734f', '2025-04-01 15:30:00', '2025-04-01 15:45:00', 10),('155de2c6-2ec1-57a6-8a40-f542bf58a3cd', '1a945660-cef6-4e73-9456-60cef62e734f', '2025-04-02 15:15:00', '2025-04-02 15:30:00', 10),('165dc7e2-4a88-57c6-8376-a7257cbdb884', '45e11ba5-9136-48aa-a11b-a59136b8aa38', '2025-04-01 15:15:00', '2025-04-01 15:30:00', 10),('1809e0ae-b716-5e8b-9f4d-75fe204f1ce3', '7c9c6893-7402-48df-9c68-937402f8df02', '2025-04-02 17:15:00', '2025-04-02 17:30:00', 10),('18366f10-7077-53a2-b1ca-c4251514d34e', '45e11ba5-9136-48aa-a11b-a59136b8aa38', '2025-04-04 15:30:00', '2025-04-04 15:45:00', 10),('18a6cb24-93e2-5083-adc1-9b49dc498b71', '7c9c6893-7402-48df-9c68-937402f8df02', '2025-03-31 15:30:00', '2025-03-31 15:45:00', 10),('18c7ddef-bd56-54f1-bcb3-e38bad983eac', '1a945660-cef6-4e73-9456-60cef62e734f', '2025-04-03 17:30:00', '2025-04-03 17:45:00', 10),('193bac38-9cfb-52c9-8a80-49c7f37e0fd4', '1a945660-cef6-4e73-9456-60cef62e734f', '2025-04-03 19:00:00', '2025-04-03 19:15:00', 10),('196ddff3-dc89-5f52-8ecf-c79dba3de2ba', '1a945660-cef6-4e73-9456-60cef62e734f', '2025-04-04 15:30:00', '2025-04-04 15:45:00', 10),('1a605a88-eef5-551d-a1fd-acad14ee7c59', '1a945660-cef6-4e73-9456-60cef62e734f', '2025-03-31 16:00:00', '2025-03-31 16:15:00', 10),('1b520308-e87a-5edf-8b28-aa45b126ed08', '1a945660-cef6-4e73-9456-60cef62e734f', '2025-04-01 16:00:00', '2025-04-01 16:15:00', 10),('1c2b2dbb-7685-5dca-9ed0-3c95fd67f8bc', '7c9c6893-7402-48df-9c68-937402f8df02', '2025-04-01 18:45:00', '2025-04-01 19:00:00', 10),('1d5b8613-d5b3-575f-b095-61f3636776f0', '1a945660-cef6-4e73-9456-60cef62e734f', '2025-04-01 18:15:00', '2025-04-01 18:30:00', 10),('1de115ba-9496-5bde-9e64-94050055f456', '7c9c6893-7402-48df-9c68-937402f8df02', '2025-04-03 17:00:00', '2025-04-03 17:15:00', 10),('1e8aa7d9-6857-55b3-b487-c131def83669', '7c9c6893-7402-48df-9c68-937402f8df02', '2025-04-01 14:00:00', '2025-04-01 14:15:00', 10),('1f141d7f-2e8c-5810-8f9a-734c795d2faf', '45e11ba5-9136-48aa-a11b-a59136b8aa38', '2025-04-03 15:15:00', '2025-04-03 15:30:00', 10),('1f54c721-8d47-5d92-bf21-05cf97912c1c', '1a945660-cef6-4e73-9456-60cef62e734f', '2025-04-01 15:15:00', '2025-04-01 15:30:00', 10),('1fbfff10-f1b0-5d35-8051-b1a299d3c6ea', '7c9c6893-7402-48df-9c68-937402f8df02', '2025-04-04 17:00:00', '2025-04-04 17:15:00', 10),('1ffe3b3e-bf02-567e-b863-e3b3b910f504', '1a945660-cef6-4e73-9456-60cef62e734f', '2025-04-01 18:45:00', '2025-04-01 19:00:00', 10),('20b13d92-f340-5251-af66-27d4e8673820', '7c9c6893-7402-48df-9c68-937402f8df02', '2025-04-01 17:45:00', '2025-04-01 18:00:00', 10),('23169f66-dd90-5929-8734-af9aea8d483b', '45e11ba5-9136-48aa-a11b-a59136b8aa38', '2025-04-03 14:30:00', '2025-04-03 14:45:00', 10),('2325ba92-ca5b-5baa-9bfd-42c2aa85f6c8', '1a945660-cef6-4e73-9456-60cef62e734f', '2025-04-02 17:45:00', '2025-04-02 18:00:00', 10),('23a67d9d-9bb5-508e-abfc-b3d6a589a897', '7c9c6893-7402-48df-9c68-937402f8df02', '2025-04-02 17:30:00', '2025-04-02 17:45:00', 10),('242de6bf-c5b1-558a-a837-f2a162372b9f', '45e11ba5-9136-48aa-a11b-a59136b8aa38', '2025-04-02 15:45:00', '2025-04-02 16:00:00', 10),('249f4a8a-23d7-5c84-87de-0ce6f37c35a3', '45e11ba5-9136-48aa-a11b-a59136b8aa38', '2025-04-02 17:15:00', '2025-04-02 17:30:00', 10),('24f07709-62ab-5023-a929-0f585a7ca61c', '7c9c6893-7402-48df-9c68-937402f8df02', '2025-04-02 18:15:00', '2025-04-02 18:30:00', 10),('2544d7f2-d84a-53d4-b673-8e145f24f32b', '1a945660-cef6-4e73-9456-60cef62e734f', '2025-04-04 14:00:00', '2025-04-04 14:15:00', 10),('260ae3f2-5db1-5382-aba8-c9aa41a3d9b9', '45e11ba5-9136-48aa-a11b-a59136b8aa38', '2025-04-02 15:15:00', '2025-04-02 15:30:00', 10),('26659483-80b7-54fc-b46d-0e3d33cbd71c', '7c9c6893-7402-48df-9c68-937402f8df02', '2025-04-04 19:15:00', '2025-04-04 19:30:00', 10),('268c1d4e-49ed-567f-98d3-0a9f35cd4380', '1a945660-cef6-4e73-9456-60cef62e734f', '2025-03-31 15:15:00', '2025-03-31 15:30:00', 10),('2750687f-a24b-5a46-9e07-f6609d4e6004', '7c9c6893-7402-48df-9c68-937402f8df02', '2025-03-31 19:00:00', '2025-03-31 19:15:00', 10),('278fcc9b-f32b-54cb-99dd-274a77993457', '45e11ba5-9136-48aa-a11b-a59136b8aa38', '2025-03-31 16:00:00', '2025-03-31 16:15:00', 10),('28822460-0167-5b6a-b205-d3b87cf16620', '1a945660-cef6-4e73-9456-60cef62e734f', '2025-03-31 16:30:00', '2025-03-31 16:45:00', 10),('293bdd53-969f-5c4f-be4d-d89bd0946405', '1a945660-cef6-4e73-9456-60cef62e734f', '2025-04-03 17:15:00', '2025-04-03 17:30:00', 10),('2987ce04-393f-5320-9001-6a09d02b59b9', '1a945660-cef6-4e73-9456-60cef62e734f', '2025-04-04 15:45:00', '2025-04-04 16:00:00', 10),('2d9e4a2b-e896-56af-b1ab-512beaa7f051', '45e11ba5-9136-48aa-a11b-a59136b8aa38', '2025-04-03 15:00:00', '2025-04-03 15:15:00', 10),('2dac5f66-ce63-55e8-a234-67b48bf9856a', '1a945660-cef6-4e73-9456-60cef62e734f', '2025-03-31 18:00:00', '2025-03-31 18:15:00', 10),('2e82d45c-d854-583c-b857-bb8ca820cd00', '1a945660-cef6-4e73-9456-60cef62e734f', '2025-03-31 17:30:00', '2025-03-31 17:45:00', 10),('3002058b-caab-5504-8a46-cb7923cda69c', '1a945660-cef6-4e73-9456-60cef62e734f', '2025-04-03 15:00:00', '2025-04-03 15:15:00', 10),('30402124-32fb-52e0-8528-2050d28c1a17', '7c9c6893-7402-48df-9c68-937402f8df02', '2025-04-02 19:45:00', '2025-04-02 20:00:00', 10),('30412350-a265-5620-b6d9-6d85ce7a09cb', '7c9c6893-7402-48df-9c68-937402f8df02', '2025-04-02 19:30:00', '2025-04-02 19:45:00', 10),('31e40b65-750b-581c-b53e-1a2f7f36f30a', '45e11ba5-9136-48aa-a11b-a59136b8aa38', '2025-04-04 19:15:00', '2025-04-04 19:30:00', 10),('3214b6f0-0845-57d3-8637-33533c45b899', '1a945660-cef6-4e73-9456-60cef62e734f', '2025-04-02 18:15:00', '2025-04-02 18:30:00', 10),('33e0dd7e-3477-55a9-ae06-24a06d910c55', '1a945660-cef6-4e73-9456-60cef62e734f', '2025-04-01 16:45:00', '2025-04-01 17:00:00', 10),('34fcc004-64a8-5751-a338-22a3b2b7bed7', '7c9c6893-7402-48df-9c68-937402f8df02', '2025-03-31 15:15:00', '2025-03-31 15:30:00', 10),('35f569a1-030e-5e4b-ac7f-6b1483309a6f', '45e11ba5-9136-48aa-a11b-a59136b8aa38', '2025-04-01 14:15:00', '2025-04-01 14:30:00', 10),('3610c3d1-e86f-5895-ab9d-807e9339ae76', '1a945660-cef6-4e73-9456-60cef62e734f', '2025-04-02 18:30:00', '2025-04-02 18:45:00', 10),('3669ad86-0247-5380-bf43-ae7628372bc8', '1a945660-cef6-4e73-9456-60cef62e734f', '2025-04-03 17:45:00', '2025-04-03 18:00:00', 10),('36a03344-3d0a-5fad-9ef0-246ba40552b6', '1a945660-cef6-4e73-9456-60cef62e734f', '2025-04-02 19:15:00', '2025-04-02 19:30:00', 10),('38ccf258-3ebd-5dcb-a585-3d78f2dd9d0e', '1a945660-cef6-4e73-9456-60cef62e734f', '2025-04-02 17:00:00', '2025-04-02 17:15:00', 10),('39d444fd-5988-5821-a385-1d820095fed7', '45e11ba5-9136-48aa-a11b-a59136b8aa38', '2025-04-04 17:30:00', '2025-04-04 17:45:00', 10),('3a2549d1-e7c1-57c7-a2a0-4ca5a493895d', '1a945660-cef6-4e73-9456-60cef62e734f', '2025-04-03 15:15:00', '2025-04-03 15:30:00', 10),('3a6ef26f-18ba-51f1-a456-2d6e293d31b3', '1a945660-cef6-4e73-9456-60cef62e734f', '2025-03-31 14:45:00', '2025-03-31 15:00:00', 10),('3cbe23ca-0ad8-56c0-af31-3e19e84d3092', '45e11ba5-9136-48aa-a11b-a59136b8aa38', '2025-04-04 16:00:00', '2025-04-04 16:15:00', 10),('3de0bba3-c442-58ca-ab87-ada0e7bdbae4', '45e11ba5-9136-48aa-a11b-a59136b8aa38', '2025-04-01 15:00:00', '2025-04-01 15:15:00', 10),('3de0d6aa-e0cb-5c0f-9ae5-480cfa5cc44a', '7c9c6893-7402-48df-9c68-937402f8df02', '2025-04-02 14:45:00', '2025-04-02 15:00:00', 10),('3de4988e-49e6-5d26-a49a-3cb0ae7795b3', '45e11ba5-9136-48aa-a11b-a59136b8aa38', '2025-04-01 17:00:00', '2025-04-01 17:15:00', 10),('3dfbce84-9b03-5596-84d1-7148ffa4fc4b', '1a945660-cef6-4e73-9456-60cef62e734f', '2025-04-02 17:30:00', '2025-04-02 17:45:00', 10),('3f05068b-83dd-52a6-a435-082af24eb9d9', '7c9c6893-7402-48df-9c68-937402f8df02', '2025-04-04 16:00:00', '2025-04-04 16:15:00', 10),('3f3dc94e-b695-5beb-84dc-ac0e1cf8b954', '7c9c6893-7402-48df-9c68-937402f8df02', '2025-04-04 15:15:00', '2025-04-04 15:30:00', 10),('40d88c9e-b66a-5117-80af-a6f89994423d', '45e11ba5-9136-48aa-a11b-a59136b8aa38', '2025-04-01 15:45:00', '2025-04-01 16:00:00', 10),('41a2adf5-510e-5e5b-9b7c-b607f43e5914', '45e11ba5-9136-48aa-a11b-a59136b8aa38', '2025-04-03 14:45:00', '2025-04-03 15:00:00', 10),('428f07a4-d92a-5d9f-a5cd-4eda2c400187', '45e11ba5-9136-48aa-a11b-a59136b8aa38', '2025-04-04 18:00:00', '2025-04-04 18:15:00', 10),('43131e63-2445-56f4-b67c-5a968529751f', '45e11ba5-9136-48aa-a11b-a59136b8aa38', '2025-04-02 19:45:00', '2025-04-02 20:00:00', 10),('432e3e9f-4d5f-51dc-a1b4-fe422a11b84b', '1a945660-cef6-4e73-9456-60cef62e734f', '2025-04-01 19:00:00', '2025-04-01 19:15:00', 10),('4402f5bc-71cd-5b91-9c4e-899e12f861ff', '1a945660-cef6-4e73-9456-60cef62e734f', '2025-04-02 16:30:00', '2025-04-02 16:45:00', 10),('44c4c875-6095-51e7-a230-47b679b3599a', '45e11ba5-9136-48aa-a11b-a59136b8aa38', '2025-04-04 16:30:00', '2025-04-04 16:45:00', 10),('4537b151-930f-5b04-84f0-e72da6c4200b', '1a945660-cef6-4e73-9456-60cef62e734f', '2025-04-02 15:00:00', '2025-04-02 15:15:00', 10),('454debb9-f93d-5889-b8b0-539fc025e73b', '45e11ba5-9136-48aa-a11b-a59136b8aa38', '2025-04-04 14:30:00', '2025-04-04 14:45:00', 10),('46770f98-3b2a-5873-9017-23164dd0584a', '1a945660-cef6-4e73-9456-60cef62e734f', '2025-04-03 16:30:00', '2025-04-03 16:45:00', 10),('46e0369e-e02b-5c77-b979-4a4450480d4d', '1a945660-cef6-4e73-9456-60cef62e734f', '2025-04-04 16:15:00', '2025-04-04 16:30:00', 10),('4759a2fe-57db-57be-bdd1-45b33dcb1074', '45e11ba5-9136-48aa-a11b-a59136b8aa38', '2025-04-03 17:45:00', '2025-04-03 18:00:00', 10),('4940ffd7-7e4e-5f65-9cd0-f976efd2fac4', '7c9c6893-7402-48df-9c68-937402f8df02', '2025-04-01 15:45:00', '2025-04-01 16:00:00', 10),('4bb7b295-04f4-5f29-b728-86d756352e79', '7c9c6893-7402-48df-9c68-937402f8df02', '2025-04-01 15:30:00', '2025-04-01 15:45:00', 10),('4d6d51d9-ea58-5bfe-aa95-992b3c8d71d1', '7c9c6893-7402-48df-9c68-937402f8df02', '2025-04-02 16:00:00', '2025-04-02 16:15:00', 10),('4d8d2d3d-fcb9-558f-bc91-7ca13ae30ca2', '7c9c6893-7402-48df-9c68-937402f8df02', '2025-04-03 16:30:00', '2025-04-03 16:45:00', 10),('4dd7deb2-eb05-52c0-9284-1a31de149fb1', '45e11ba5-9136-48aa-a11b-a59136b8aa38', '2025-04-01 19:30:00', '2025-04-01 19:45:00', 10),('4de43808-7450-5996-8d76-0c689bb757a2', '7c9c6893-7402-48df-9c68-937402f8df02', '2025-04-01 19:00:00', '2025-04-01 19:15:00', 10),('4fb97c75-dfc2-54ad-925b-e85775857070', '7c9c6893-7402-48df-9c68-937402f8df02', '2025-03-31 18:00:00', '2025-03-31 18:15:00', 10),('51b760d1-f56c-550e-874f-2966a5d66c5b', '7c9c6893-7402-48df-9c68-937402f8df02', '2025-04-02 17:45:00', '2025-04-02 18:00:00', 10),('51ce3303-d9e9-5ed2-8eda-80283280874b', '45e11ba5-9136-48aa-a11b-a59136b8aa38', '2025-04-03 17:15:00', '2025-04-03 17:30:00', 10),('529319cc-5ea0-5f96-8d45-ce2a7ceb32c6', '1a945660-cef6-4e73-9456-60cef62e734f', '2025-03-31 14:15:00', '2025-03-31 14:30:00', 10),('5367d6ec-4536-50d4-b1bb-e71adfa9f240', '7c9c6893-7402-48df-9c68-937402f8df02', '2025-04-03 16:15:00', '2025-04-03 16:30:00', 10),('53c6581d-66c2-5e63-a673-db0dfb33acfb', '7c9c6893-7402-48df-9c68-937402f8df02', '2025-04-02 19:15:00', '2025-04-02 19:30:00', 10),('544473a6-42ce-538c-9386-d264bb361fca', '45e11ba5-9136-48aa-a11b-a59136b8aa38', '2025-04-03 18:15:00', '2025-04-03 18:30:00', 10),('545f410d-ff41-568e-9b98-11f65e19d6ff', '7c9c6893-7402-48df-9c68-937402f8df02', '2025-04-04 14:15:00', '2025-04-04 14:30:00', 10),('547733b2-191b-5b96-bd73-f27e7ed43b74', '1a945660-cef6-4e73-9456-60cef62e734f', '2025-03-31 19:15:00', '2025-03-31 19:30:00', 10),('54cfef78-30a9-51fa-9c03-0c98173117e9', '45e11ba5-9136-48aa-a11b-a59136b8aa38', '2025-04-03 17:00:00', '2025-04-03 17:15:00', 10),('5589c649-8086-50c7-b596-a6efd8650c9f', '7c9c6893-7402-48df-9c68-937402f8df02', '2025-04-03 15:15:00', '2025-04-03 15:30:00', 10),('56a88d58-8d39-5d7e-b3b2-9345e2345942', '45e11ba5-9136-48aa-a11b-a59136b8aa38', '2025-04-04 16:45:00', '2025-04-04 17:00:00', 10),('57e21f38-0a39-549d-af18-fe2f0a05b7ed', '7c9c6893-7402-48df-9c68-937402f8df02', '2025-04-04 16:15:00', '2025-04-04 16:30:00', 10),('58f49bcf-2e8c-537d-b7c6-c16d5dbfd132', '45e11ba5-9136-48aa-a11b-a59136b8aa38', '2025-04-03 18:45:00', '2025-04-03 19:00:00', 10),('59144ebe-e558-595e-9699-0bbabca02847', '7c9c6893-7402-48df-9c68-937402f8df02', '2025-04-04 15:45:00', '2025-04-04 16:00:00', 10),('59d429ec-0790-5b88-96ff-5707d1d043fb', '1a945660-cef6-4e73-9456-60cef62e734f', '2025-04-04 17:30:00', '2025-04-04 17:45:00', 10),('5a2e2c8c-f5d1-5244-9a4a-5f6e6b3539e7', '45e11ba5-9136-48aa-a11b-a59136b8aa38', '2025-04-04 14:15:00', '2025-04-04 14:30:00', 10),('5a50f08d-d473-536e-b40f-f9d751beae6d', '1a945660-cef6-4e73-9456-60cef62e734f', '2025-04-04 17:45:00', '2025-04-04 18:00:00', 10),('5a8a96ef-615c-520d-a47d-291e08101f1b', '45e11ba5-9136-48aa-a11b-a59136b8aa38', '2025-04-02 19:15:00', '2025-04-02 19:30:00', 10),('5b4520b2-11d2-514d-a582-7d57617766a6', '45e11ba5-9136-48aa-a11b-a59136b8aa38', '2025-04-04 14:45:00', '2025-04-04 15:00:00', 10),('5beede85-8b8a-50e4-bb76-cc255c978f8e', '45e11ba5-9136-48aa-a11b-a59136b8aa38', '2025-04-02 17:30:00', '2025-04-02 17:45:00', 10),('5c63f819-8993-5167-b723-760ff419928d', '1a945660-cef6-4e73-9456-60cef62e734f', '2025-03-31 17:15:00', '2025-03-31 17:30:00', 10),('5ccef0d9-467d-5651-bf45-84f9a4e8a369', '7c9c6893-7402-48df-9c68-937402f8df02', '2025-04-01 19:45:00', '2025-04-01 20:00:00', 10),('5d662c24-eeb5-58b1-ac57-ec343baa9f33', '7c9c6893-7402-48df-9c68-937402f8df02', '2025-04-03 15:30:00', '2025-04-03 15:45:00', 10),('5d940e4b-c970-592a-b4ba-33087f707680', '45e11ba5-9136-48aa-a11b-a59136b8aa38', '2025-04-04 15:45:00', '2025-04-04 16:00:00', 10),('5dece9a3-eb0d-5a09-a409-eb17286ecb45', '45e11ba5-9136-48aa-a11b-a59136b8aa38', '2025-03-31 18:00:00', '2025-03-31 18:15:00', 10),('603e57ab-97b3-522a-9ed5-a30419f581e2', '45e11ba5-9136-48aa-a11b-a59136b8aa38', '2025-04-01 14:00:00', '2025-04-01 14:15:00', 10),('607a13e0-2576-53a8-a76b-ed2368f4bfe4', '7c9c6893-7402-48df-9c68-937402f8df02', '2025-04-01 19:30:00', '2025-04-01 19:45:00', 10),('607d5d9c-91e2-53e1-abc1-7f4fe024a0d8', '45e11ba5-9136-48aa-a11b-a59136b8aa38', '2025-04-01 18:30:00', '2025-04-01 18:45:00', 10),('60853207-73e4-5318-895d-03323075d7a5', '7c9c6893-7402-48df-9c68-937402f8df02', '2025-03-31 15:00:00', '2025-03-31 15:15:00', 10),('64aa32e0-a54c-5d20-b652-abac3c2eb60e', '45e11ba5-9136-48aa-a11b-a59136b8aa38', '2025-03-31 14:45:00', '2025-03-31 15:00:00', 10),('655f812e-383e-5bf5-9d13-1bb58f499f25', '1a945660-cef6-4e73-9456-60cef62e734f', '2025-04-01 15:00:00', '2025-04-01 15:15:00', 10),('6b2f0db8-2139-5737-9011-a3db12bd859c', '45e11ba5-9136-48aa-a11b-a59136b8aa38', '2025-03-31 17:45:00', '2025-03-31 18:00:00', 10),('6ba639e2-2410-50b8-ba9a-7ec7624ea9fa', '7c9c6893-7402-48df-9c68-937402f8df02', '2025-03-31 16:45:00', '2025-03-31 17:00:00', 10),('6cb32542-ab8b-51aa-84a4-059ce8c6ca3b', '7c9c6893-7402-48df-9c68-937402f8df02', '2025-03-31 16:15:00', '2025-03-31 16:30:00', 10),('6d8f80c8-def6-5b81-b07b-f391a1322cd2', '1a945660-cef6-4e73-9456-60cef62e734f', '2025-03-31 19:00:00', '2025-03-31 19:15:00', 10),('6e7398f8-e758-54c5-aed4-a6f77e2f54aa', '45e11ba5-9136-48aa-a11b-a59136b8aa38', '2025-04-02 14:15:00', '2025-04-02 14:30:00', 10),('6eff4502-cd06-50ab-9e06-532e5b5bb04c', '45e11ba5-9136-48aa-a11b-a59136b8aa38', '2025-04-03 19:30:00', '2025-04-03 19:45:00', 10),('6fca0c20-e62b-5b84-bca3-98c0bcfd450e', '45e11ba5-9136-48aa-a11b-a59136b8aa38', '2025-04-03 19:15:00', '2025-04-03 19:30:00', 10),('70059613-1ac8-5027-823d-4a2505921f30', '45e11ba5-9136-48aa-a11b-a59136b8aa38', '2025-04-03 14:15:00', '2025-04-03 14:30:00', 10),('71ace729-d19a-5709-a977-cd015b01f5cf', '7c9c6893-7402-48df-9c68-937402f8df02', '2025-04-02 18:00:00', '2025-04-02 18:15:00', 10),('71bc8d47-b58f-54fe-9673-1e52614055ec', '45e11ba5-9136-48aa-a11b-a59136b8aa38', '2025-04-02 18:45:00', '2025-04-02 19:00:00', 10),('729a1701-a17e-5f7d-b97a-050a5b5cdd81', '7c9c6893-7402-48df-9c68-937402f8df02', '2025-04-03 14:00:00', '2025-04-03 14:15:00', 10),('72b59611-8f16-5ced-b645-a922907fad71', '45e11ba5-9136-48aa-a11b-a59136b8aa38', '2025-04-03 19:45:00', '2025-04-03 20:00:00', 10),('72ce89f4-02a1-5087-89e6-f876a8629bff', '1a945660-cef6-4e73-9456-60cef62e734f', '2025-04-03 17:00:00', '2025-04-03 17:15:00', 10),('737f89d0-35b6-52da-9842-4ab8ed14ac19', '1a945660-cef6-4e73-9456-60cef62e734f', '2025-04-04 16:00:00', '2025-04-04 16:15:00', 10),('741525da-d74a-5930-a206-0f4d110c12bc', '1a945660-cef6-4e73-9456-60cef62e734f', '2025-04-02 14:15:00', '2025-04-02 14:30:00', 10),('748591e4-0347-58a0-ae1a-076dbb4bdd62', '7c9c6893-7402-48df-9c68-937402f8df02', '2025-04-03 14:15:00', '2025-04-03 14:30:00', 10),('74f850aa-f5e8-53ab-aa71-55c23921fd6d', '45e11ba5-9136-48aa-a11b-a59136b8aa38', '2025-03-31 16:30:00', '2025-03-31 16:45:00', 10),('75105e47-0585-5be8-b79c-8d217cf2f5ce', '45e11ba5-9136-48aa-a11b-a59136b8aa38', '2025-03-31 19:15:00', '2025-03-31 19:30:00', 10),('75206c42-7684-5f74-b9f4-30845ae7aa02', '45e11ba5-9136-48aa-a11b-a59136b8aa38', '2025-04-01 17:45:00', '2025-04-01 18:00:00', 10),('753ef50d-644b-5c31-9f3c-0284850c4390', '1a945660-cef6-4e73-9456-60cef62e734f', '2025-04-03 14:15:00', '2025-04-03 14:30:00', 10),('75426a2e-400e-508d-8529-5dba8c277499', '1a945660-cef6-4e73-9456-60cef62e734f', '2025-04-04 15:15:00', '2025-04-04 15:30:00', 10),('76d537bd-4ef0-5a1d-b762-2910ed2f3dcf', '45e11ba5-9136-48aa-a11b-a59136b8aa38', '2025-04-01 14:45:00', '2025-04-01 15:00:00', 10),('776f5b20-a6e1-5ad9-848e-eb29e4a3a435', '45e11ba5-9136-48aa-a11b-a59136b8aa38', '2025-04-02 17:00:00', '2025-04-02 17:15:00', 10),('77c3a4cc-059f-5fd4-a8e4-81dbeab024aa', '7c9c6893-7402-48df-9c68-937402f8df02', '2025-04-04 18:00:00', '2025-04-04 18:15:00', 10),('784827df-ba4d-52f7-beb3-6253b04c222b', '7c9c6893-7402-48df-9c68-937402f8df02', '2025-04-04 17:15:00', '2025-04-04 17:30:00', 10),('78b3ba3c-ff26-5dc8-9348-4465cf9188da', '45e11ba5-9136-48aa-a11b-a59136b8aa38', '2025-04-04 17:15:00', '2025-04-04 17:30:00', 10),('78c7c0af-6f1e-587a-9dfc-9eebb6437ef3', '7c9c6893-7402-48df-9c68-937402f8df02', '2025-04-01 17:30:00', '2025-04-01 17:45:00', 10),('796c2334-4aa9-5884-8e7f-578163945e4c', '1a945660-cef6-4e73-9456-60cef62e734f', '2025-04-02 19:45:00', '2025-04-02 20:00:00', 10),('79803a0d-de96-50df-b6ce-39ff8e9ba0ba', '45e11ba5-9136-48aa-a11b-a59136b8aa38', '2025-04-01 18:15:00', '2025-04-01 18:30:00', 10),('7a088e0d-7ee3-580d-9332-3bbd5176a019', '7c9c6893-7402-48df-9c68-937402f8df02', '2025-04-01 16:15:00', '2025-04-01 16:30:00', 10),('7a1df101-4b87-5510-98f9-183dfaa3c892', '7c9c6893-7402-48df-9c68-937402f8df02', '2025-04-03 19:15:00', '2025-04-03 19:30:00', 10),('7bae95fb-db97-5471-808d-f1894adaf7a1', '45e11ba5-9136-48aa-a11b-a59136b8aa38', '2025-04-04 19:00:00', '2025-04-04 19:15:00', 10),('7c40c049-8085-5c4a-84aa-980e0113af17', '1a945660-cef6-4e73-9456-60cef62e734f', '2025-03-31 15:45:00', '2025-03-31 16:00:00', 10),('7c7524df-13e9-507c-be17-15a669af9002', '1a945660-cef6-4e73-9456-60cef62e734f', '2025-04-01 14:15:00', '2025-04-01 14:30:00', 10),('7d2f204d-c553-5309-aab1-91d370eac517', '7c9c6893-7402-48df-9c68-937402f8df02', '2025-04-03 16:45:00', '2025-04-03 17:00:00', 10),('7d4ee70e-f20b-559e-b349-3b7d9025fef2', '45e11ba5-9136-48aa-a11b-a59136b8aa38', '2025-03-31 14:15:00', '2025-03-31 14:30:00', 10),('7d844e55-d755-52be-ab0a-a0a36cf196ae', '7c9c6893-7402-48df-9c68-937402f8df02', '2025-04-02 16:45:00', '2025-04-02 17:00:00', 10),('7df70d5b-e4d1-535e-bcdd-e1e3c20ab3f2', '1a945660-cef6-4e73-9456-60cef62e734f', '2025-03-31 19:45:00', '2025-03-31 20:00:00', 10),('7e988418-0855-54df-a7c0-b0a88bfaaa6d', '45e11ba5-9136-48aa-a11b-a59136b8aa38', '2025-03-31 19:45:00', '2025-03-31 20:00:00', 10),('7f08c06f-189c-5918-b68c-661ac75a347f', '7c9c6893-7402-48df-9c68-937402f8df02', '2025-04-02 14:00:00', '2025-04-02 14:15:00', 10),('7f1b5aae-0c40-5f1f-8390-1790160f6156', '7c9c6893-7402-48df-9c68-937402f8df02', '2025-04-01 15:00:00', '2025-04-01 15:15:00', 10),('7fae041e-6b6b-5698-9ea6-545a5c1c4c17', '1a945660-cef6-4e73-9456-60cef62e734f', '2025-03-31 18:30:00', '2025-03-31 18:45:00', 10),('8067ed4b-b3e7-5022-aed9-f2e61476d2db', '1a945660-cef6-4e73-9456-60cef62e734f', '2025-04-02 18:45:00', '2025-04-02 19:00:00', 10),('81bde923-6151-5f67-942e-8c74c5494011', '1a945660-cef6-4e73-9456-60cef62e734f', '2025-03-31 15:00:00', '2025-03-31 15:15:00', 10),('82b795ea-1d02-5137-b5ed-cdd1b6c95d42', '1a945660-cef6-4e73-9456-60cef62e734f', '2025-04-01 14:30:00', '2025-04-01 14:45:00', 10),('82c4ab84-5ec7-596e-a8ad-8107d679a423', '7c9c6893-7402-48df-9c68-937402f8df02', '2025-04-03 15:00:00', '2025-04-03 15:15:00', 10),('8353cd39-bf93-59ca-9cb4-16271f91566d', '45e11ba5-9136-48aa-a11b-a59136b8aa38', '2025-04-01 18:45:00', '2025-04-01 19:00:00', 10),('8377aa64-819f-5d0b-818f-40607033d7c2', '7c9c6893-7402-48df-9c68-937402f8df02', '2025-04-02 18:30:00', '2025-04-02 18:45:00', 10),('863668db-e5a8-5c48-bd74-85bd6a2158bb', '7c9c6893-7402-48df-9c68-937402f8df02', '2025-03-31 19:15:00', '2025-03-31 19:30:00', 10),('86a5a0ea-9712-5b81-9012-10ddf3b64adf', '7c9c6893-7402-48df-9c68-937402f8df02', '2025-03-31 17:15:00', '2025-03-31 17:30:00', 10),('88303ff6-3ec6-5515-ab15-fbf64cbc9da3', '7c9c6893-7402-48df-9c68-937402f8df02', '2025-04-03 18:45:00', '2025-04-03 19:00:00', 10),('89323499-98c3-5a35-b546-42a7240d0b18', '45e11ba5-9136-48aa-a11b-a59136b8aa38', '2025-04-03 14:00:00', '2025-04-03 14:15:00', 10),('8a477fab-4b2a-57e6-a72f-51a8788a7e22', '7c9c6893-7402-48df-9c68-937402f8df02', '2025-04-02 18:45:00', '2025-04-02 19:00:00', 10),('8ab11eb0-2c99-59a8-8458-51d7295c3517', '7c9c6893-7402-48df-9c68-937402f8df02', '2025-03-31 18:30:00', '2025-03-31 18:45:00', 10),('8abd1e6e-c086-58e6-8647-707a93a72b89', '1a945660-cef6-4e73-9456-60cef62e734f', '2025-04-01 18:00:00', '2025-04-01 18:15:00', 10),('8b8d53b7-0dc8-52d5-8d00-ebc5ddca834f', '1a945660-cef6-4e73-9456-60cef62e734f', '2025-03-31 16:15:00', '2025-03-31 16:30:00', 10),('8c2e6f1f-a733-560e-a4a1-c89246aadf91', '1a945660-cef6-4e73-9456-60cef62e734f', '2025-04-03 18:00:00', '2025-04-03 18:15:00', 10),('8e10c7ad-02c5-5d42-97f2-d3b9d400f45e', '1a945660-cef6-4e73-9456-60cef62e734f', '2025-03-31 16:45:00', '2025-03-31 17:00:00', 10),('8ef38d92-4d27-5785-ae64-6403fc54494c', '1a945660-cef6-4e73-9456-60cef62e734f', '2025-04-04 18:15:00', '2025-04-04 18:30:00', 10),('8f72b1a2-0590-5b67-af26-7b81b0509d68', '7c9c6893-7402-48df-9c68-937402f8df02', '2025-04-04 18:30:00', '2025-04-04 18:45:00', 10),('904125dc-b5f0-59e1-bb14-96cd8b4b2815', '7c9c6893-7402-48df-9c68-937402f8df02', '2025-04-02 14:15:00', '2025-04-02 14:30:00', 10),('9046d6ca-af81-5b12-a731-55ac7170544b', '45e11ba5-9136-48aa-a11b-a59136b8aa38', '2025-04-04 15:15:00', '2025-04-04 15:30:00', 10),('90733a54-d28d-5e0e-a8c7-306f91f15e70', '45e11ba5-9136-48aa-a11b-a59136b8aa38', '2025-03-31 16:15:00', '2025-03-31 16:30:00', 10),('90cf7c93-5465-507c-929a-6df56ae86702', '1a945660-cef6-4e73-9456-60cef62e734f', '2025-04-01 16:15:00', '2025-04-01 16:30:00', 10),('910a6296-d43e-5c2a-9706-9106bf6e567a', '1a945660-cef6-4e73-9456-60cef62e734f', '2025-04-04 14:30:00', '2025-04-04 14:45:00', 10),('93715529-dd10-527a-a30e-28836f459ba5', '1a945660-cef6-4e73-9456-60cef62e734f', '2025-04-03 18:15:00', '2025-04-03 18:30:00', 10),('939ad2b9-eb11-59ce-a1fa-dc683f8a8378', '45e11ba5-9136-48aa-a11b-a59136b8aa38', '2025-04-01 18:00:00', '2025-04-01 18:15:00', 10),('93b52e00-b198-5138-abc3-768032d9dc81', '45e11ba5-9136-48aa-a11b-a59136b8aa38', '2025-03-31 19:30:00', '2025-03-31 19:45:00', 10),('93cdb726-d340-5f00-86c4-e29b3be80438', '1a945660-cef6-4e73-9456-60cef62e734f', '2025-04-02 14:30:00', '2025-04-02 14:45:00', 10),('94347973-1e72-5c69-9c24-4cd1874ba7cd', '1a945660-cef6-4e73-9456-60cef62e734f', '2025-04-01 17:15:00', '2025-04-01 17:30:00', 10),('95908164-d780-5a77-a8cc-7da53f192912', '45e11ba5-9136-48aa-a11b-a59136b8aa38', '2025-04-02 14:45:00', '2025-04-02 15:00:00', 10),('95f3cbbb-35d1-5ee0-b0c1-57616b3d26fc', '1a945660-cef6-4e73-9456-60cef62e734f', '2025-04-02 19:00:00', '2025-04-02 19:15:00', 10),('9698772c-af6b-50ce-9b5d-8770a3ec5a31', '45e11ba5-9136-48aa-a11b-a59136b8aa38', '2025-03-31 18:30:00', '2025-03-31 18:45:00', 10),('9802347d-d6f0-5b85-b294-f69b2ac2e7e5', '45e11ba5-9136-48aa-a11b-a59136b8aa38', '2025-04-01 15:30:00', '2025-04-01 15:45:00', 10),('986a0c7d-e73d-5738-882e-230c789220c9', '45e11ba5-9136-48aa-a11b-a59136b8aa38', '2025-04-01 19:45:00', '2025-04-01 20:00:00', 10),('99bd88fa-59b2-5c4d-a751-960dc082f32c', '45e11ba5-9136-48aa-a11b-a59136b8aa38', '2025-04-01 16:30:00', '2025-04-01 16:45:00', 10),('99ff0079-445d-5aa9-855f-e9f8a5cd4cf7', '7c9c6893-7402-48df-9c68-937402f8df02', '2025-04-01 18:15:00', '2025-04-01 18:30:00', 10),('9a9bb83f-b41f-5042-8909-2ea671d9901a', '1a945660-cef6-4e73-9456-60cef62e734f', '2025-03-31 17:00:00', '2025-03-31 17:15:00', 10),('9ab8b7ce-3a8c-5ac7-b79a-fd46791b6633', '45e11ba5-9136-48aa-a11b-a59136b8aa38', '2025-04-04 17:00:00', '2025-04-04 17:15:00', 10),('9af78ce7-2fb3-539f-9580-6dce49e30250', '45e11ba5-9136-48aa-a11b-a59136b8aa38', '2025-04-01 16:00:00', '2025-04-01 16:15:00', 10),('9af9fc4a-3204-528b-b925-6e87738c464a', '7c9c6893-7402-48df-9c68-937402f8df02', '2025-04-04 19:45:00', '2025-04-04 20:00:00', 10),('9baf9bad-f63a-548b-a71a-0f7e9eaf1ffe', '1a945660-cef6-4e73-9456-60cef62e734f', '2025-03-31 19:30:00', '2025-03-31 19:45:00', 10),('9ddd66d4-c6d1-51ed-b2e3-8b0c636a5a19', '45e11ba5-9136-48aa-a11b-a59136b8aa38', '2025-03-31 15:45:00', '2025-03-31 16:00:00', 10),('9edb046a-690f-5430-a035-a0c5f3a593bc', '7c9c6893-7402-48df-9c68-937402f8df02', '2025-04-03 19:00:00', '2025-04-03 19:15:00', 10),('9edca9e0-01f7-5671-a0e6-28b0e10bebca', '45e11ba5-9136-48aa-a11b-a59136b8aa38', '2025-04-02 16:45:00', '2025-04-02 17:00:00', 10),('9f3f2326-8ce1-58db-8f1a-5b0c883778bd', '45e11ba5-9136-48aa-a11b-a59136b8aa38', '2025-03-31 18:15:00', '2025-03-31 18:30:00', 10),('9f860473-dc90-579e-a820-d28220a0f80f', '7c9c6893-7402-48df-9c68-937402f8df02', '2025-04-01 18:30:00', '2025-04-01 18:45:00', 10),('a257e452-680e-54c5-95af-1e7bb7313ad2', '45e11ba5-9136-48aa-a11b-a59136b8aa38', '2025-04-03 17:30:00', '2025-04-03 17:45:00', 10),('a3942aa2-94eb-5682-b03a-f1121574a1bc', '45e11ba5-9136-48aa-a11b-a59136b8aa38', '2025-04-02 16:30:00', '2025-04-02 16:45:00', 10),('a3fb53c4-bc0a-5e9d-9cd3-eb95c9a673d7', '1a945660-cef6-4e73-9456-60cef62e734f', '2025-04-01 14:45:00', '2025-04-01 15:00:00', 10),('a50bbfa7-53bb-5e8d-b627-2dafe43b5345', '45e11ba5-9136-48aa-a11b-a59136b8aa38', '2025-04-03 15:30:00', '2025-04-03 15:45:00', 10),('a599aa10-feca-5776-83be-be92af944a12', '1a945660-cef6-4e73-9456-60cef62e734f', '2025-03-31 18:15:00', '2025-03-31 18:30:00', 10),('a5d78af1-8719-5ba9-b9a6-88961698fd2b', '45e11ba5-9136-48aa-a11b-a59136b8aa38', '2025-04-03 15:45:00', '2025-04-03 16:00:00', 10),('a64a70b4-6c1b-5ac6-acb4-d673e4d0942b', '45e11ba5-9136-48aa-a11b-a59136b8aa38', '2025-04-01 16:15:00', '2025-04-01 16:30:00', 10),('a66d7bd5-5775-5e77-b2f1-bb0fcc0a9ffe', '45e11ba5-9136-48aa-a11b-a59136b8aa38', '2025-04-04 14:00:00', '2025-04-04 14:15:00', 10),('a6c6f979-7610-5d9f-8910-69bb592614a0', '7c9c6893-7402-48df-9c68-937402f8df02', '2025-04-03 14:30:00', '2025-04-03 14:45:00', 10),('a6d7f962-7162-548a-9313-327f10f13a24', '7c9c6893-7402-48df-9c68-937402f8df02', '2025-04-03 18:30:00', '2025-04-03 18:45:00', 10),('a76c2f3d-bc39-54a0-95ff-471365917be9', '1a945660-cef6-4e73-9456-60cef62e734f', '2025-04-04 18:30:00', '2025-04-04 18:45:00', 10),('a79936b5-756c-559e-9b0e-23a650972d7e', '7c9c6893-7402-48df-9c68-937402f8df02', '2025-04-02 14:30:00', '2025-04-02 14:45:00', 10),('a81b14f7-31ab-5f50-9dc1-02eb71cc8608', '1a945660-cef6-4e73-9456-60cef62e734f', '2025-04-04 14:15:00', '2025-04-04 14:30:00', 10),('a8cd62a0-881d-5d00-af49-28ad5b07813f', '7c9c6893-7402-48df-9c68-937402f8df02', '2025-03-31 14:00:00', '2025-03-31 14:15:00', 10),('a9886862-8e54-5efb-b1bc-57cacc787e96', '1a945660-cef6-4e73-9456-60cef62e734f', '2025-04-04 18:45:00', '2025-04-04 19:00:00', 10),('ac3a7646-7baa-575f-96af-2745193ae798', '7c9c6893-7402-48df-9c68-937402f8df02', '2025-04-03 17:45:00', '2025-04-03 18:00:00', 10),('ac5e5c22-058e-5911-9e73-d749e93040f1', '1a945660-cef6-4e73-9456-60cef62e734f', '2025-04-03 16:00:00', '2025-04-03 16:15:00', 10),('ad2888df-b400-580e-9fbe-be4d8d59461b', '45e11ba5-9136-48aa-a11b-a59136b8aa38', '2025-04-01 17:30:00', '2025-04-01 17:45:00', 10),('ae461d4d-d2e5-50fb-a6f1-b2d5284ac08e', '7c9c6893-7402-48df-9c68-937402f8df02', '2025-03-31 14:15:00', '2025-03-31 14:30:00', 10),('aecad717-ae96-5bc8-a3b3-178c79d157b8', '1a945660-cef6-4e73-9456-60cef62e734f', '2025-04-03 15:45:00', '2025-04-03 16:00:00', 10),('b028ebdd-ae62-5a90-ac06-e36b3a23591b', '7c9c6893-7402-48df-9c68-937402f8df02', '2025-04-04 18:15:00', '2025-04-04 18:30:00', 10),('b0c0799b-8bf5-58ac-9736-65af9d9a6a6c', '45e11ba5-9136-48aa-a11b-a59136b8aa38', '2025-04-02 16:00:00', '2025-04-02 16:15:00', 10),('b0eca4c2-e4bc-5e41-ac5d-06a69606812d', '45e11ba5-9136-48aa-a11b-a59136b8aa38', '2025-03-31 19:00:00', '2025-03-31 19:15:00', 10),('b1acfb3d-75af-58e9-92c1-4acd6fd7f287', '45e11ba5-9136-48aa-a11b-a59136b8aa38', '2025-04-03 16:30:00', '2025-04-03 16:45:00', 10),('b39c026a-a040-5d2e-bb26-05c0c217555b', '45e11ba5-9136-48aa-a11b-a59136b8aa38', '2025-04-03 19:00:00', '2025-04-03 19:15:00', 10),('b5cf7cfb-7a03-57fa-a560-3634e4b54315', '1a945660-cef6-4e73-9456-60cef62e734f', '2025-04-01 19:30:00', '2025-04-01 19:45:00', 10),('b61b0896-13a9-52b4-b96d-ccc9dcf1cc83', '45e11ba5-9136-48aa-a11b-a59136b8aa38', '2025-04-04 18:15:00', '2025-04-04 18:30:00', 10),('b64d7aa3-93de-5255-8161-7adffdc400f5', '45e11ba5-9136-48aa-a11b-a59136b8aa38', '2025-04-04 18:45:00', '2025-04-04 19:00:00', 10),('b70be1d6-4d88-5337-acbe-448b4caee1fd', '1a945660-cef6-4e73-9456-60cef62e734f', '2025-04-02 15:45:00', '2025-04-02 16:00:00', 10),('b71d08b8-7691-5d61-8a65-cfaf08781894', '1a945660-cef6-4e73-9456-60cef62e734f', '2025-04-03 14:45:00', '2025-04-03 15:00:00', 10),('b83938c7-8805-5064-aa51-d79a3429c4f3', '1a945660-cef6-4e73-9456-60cef62e734f', '2025-04-02 19:30:00', '2025-04-02 19:45:00', 10),('b84eea51-2ae9-5ad7-b8a9-71af3717aa24', '7c9c6893-7402-48df-9c68-937402f8df02', '2025-04-04 18:45:00', '2025-04-04 19:00:00', 10),('b8a03ff3-1569-5144-bc08-ead58e695d8f', '7c9c6893-7402-48df-9c68-937402f8df02', '2025-04-02 16:30:00', '2025-04-02 16:45:00', 10),('b8f18dcc-4e6a-5af8-9465-8c163a7e03e7', '7c9c6893-7402-48df-9c68-937402f8df02', '2025-04-03 14:45:00', '2025-04-03 15:00:00', 10),('b9a92cac-6859-59f2-96e6-313b9f56c545', '45e11ba5-9136-48aa-a11b-a59136b8aa38', '2025-03-31 14:30:00', '2025-03-31 14:45:00', 10),('ba8779c4-401a-5e26-bcbb-94244a2e5b04', '7c9c6893-7402-48df-9c68-937402f8df02', '2025-04-04 14:45:00', '2025-04-04 15:00:00', 10),('bab58a57-2e28-5cb1-82d9-9e9ce5e09d8b', '7c9c6893-7402-48df-9c68-937402f8df02', '2025-03-31 19:30:00', '2025-03-31 19:45:00', 10),('bacf1a90-6dc5-5101-87d9-5e210e5c2a05', '45e11ba5-9136-48aa-a11b-a59136b8aa38', '2025-04-04 15:00:00', '2025-04-04 15:15:00', 10),('bcf9c777-3d33-5a6f-83d3-0ef055178df4', '1a945660-cef6-4e73-9456-60cef62e734f', '2025-04-03 16:15:00', '2025-04-03 16:30:00', 10),('bde82030-1af4-5820-981c-f4180a6576e3', '1a945660-cef6-4e73-9456-60cef62e734f', '2025-04-03 14:00:00', '2025-04-03 14:15:00', 10),('bebb3d89-7f17-52f0-b422-7a3c0dd74b54', '7c9c6893-7402-48df-9c68-937402f8df02', '2025-04-02 17:00:00', '2025-04-02 17:15:00', 10),('becad774-74a6-5262-b9ce-ebba3007519c', '45e11ba5-9136-48aa-a11b-a59136b8aa38', '2025-04-01 17:15:00', '2025-04-01 17:30:00', 10),('bf7ff31f-b6d3-5b2e-82d8-221b71321547', '7c9c6893-7402-48df-9c68-937402f8df02', '2025-04-01 16:30:00', '2025-04-01 16:45:00', 10),('bfcd8771-e1e2-539e-b888-4b03c51f7254', '45e11ba5-9136-48aa-a11b-a59136b8aa38', '2025-03-31 15:15:00', '2025-03-31 15:30:00', 10),('c05c2bde-2454-5cca-8f71-fd232cc7ce28', '1a945660-cef6-4e73-9456-60cef62e734f', '2025-04-04 18:00:00', '2025-04-04 18:15:00', 10),('c120bcbe-b9f5-5e9e-b175-eb66c74348ca', '45e11ba5-9136-48aa-a11b-a59136b8aa38', '2025-04-01 16:45:00', '2025-04-01 17:00:00', 10),('c15fb243-243a-581e-ac2b-0ebd3bfdc32c', '1a945660-cef6-4e73-9456-60cef62e734f', '2025-03-31 18:45:00', '2025-03-31 19:00:00', 10),('c2af9a94-7a92-575a-a2e1-66163dd047da', '45e11ba5-9136-48aa-a11b-a59136b8aa38', '2025-04-03 16:45:00', '2025-04-03 17:00:00', 10),('c2f684d0-9470-5dbf-a366-848c95309800', '7c9c6893-7402-48df-9c68-937402f8df02', '2025-03-31 17:30:00', '2025-03-31 17:45:00', 10),('c31a44c1-aa34-5ea0-98ca-2cdff41e4264', '45e11ba5-9136-48aa-a11b-a59136b8aa38', '2025-03-31 18:45:00', '2025-03-31 19:00:00', 10),('c90ca7f9-4d53-5a74-9617-d19003564021', '7c9c6893-7402-48df-9c68-937402f8df02', '2025-04-03 15:45:00', '2025-04-03 16:00:00', 10),('c96c3239-1364-574b-92a1-aad761cae70a', '1a945660-cef6-4e73-9456-60cef62e734f', '2025-04-03 19:30:00', '2025-04-03 19:45:00', 10),('c9b3b792-a3ee-5118-9331-fb8521cb3843', '45e11ba5-9136-48aa-a11b-a59136b8aa38', '2025-04-02 14:00:00', '2025-04-02 14:15:00', 10),('cc0f1bba-008e-512c-8ae5-4abfbd5173ec', '45e11ba5-9136-48aa-a11b-a59136b8aa38', '2025-03-31 14:00:00', '2025-03-31 14:15:00', 10),('cd450431-b9bc-5402-a52a-64d7a6493edd', '7c9c6893-7402-48df-9c68-937402f8df02', '2025-04-03 18:15:00', '2025-04-03 18:30:00', 10),('ce615ae9-dff6-5b86-ae73-c68582bdbdc8', '7c9c6893-7402-48df-9c68-937402f8df02', '2025-04-03 19:45:00', '2025-04-03 20:00:00', 10),('cf48b297-8c57-5fe0-bde2-dc3910b374f3', '1a945660-cef6-4e73-9456-60cef62e734f', '2025-04-04 16:30:00', '2025-04-04 16:45:00', 10),('d0521666-2836-5f5d-b4ce-637e084f4d11', '45e11ba5-9136-48aa-a11b-a59136b8aa38', '2025-03-31 15:00:00', '2025-03-31 15:15:00', 10),('d120f35f-5fea-5677-b0f5-7402ef3f310b', '45e11ba5-9136-48aa-a11b-a59136b8aa38', '2025-04-03 16:15:00', '2025-04-03 16:30:00', 10),('d3014312-df1a-55f9-9860-7101b6da7c5c', '1a945660-cef6-4e73-9456-60cef62e734f', '2025-04-01 19:45:00', '2025-04-01 20:00:00', 10),('d3ece36b-6b42-5884-a41f-e8310f9c0c91', '1a945660-cef6-4e73-9456-60cef62e734f', '2025-03-31 15:30:00', '2025-03-31 15:45:00', 10),('d471110e-1270-592f-9bbe-a6d6cd3bcccc', '1a945660-cef6-4e73-9456-60cef62e734f', '2025-04-03 18:45:00', '2025-04-03 19:00:00', 10),('d49d6092-c97c-5c11-8d02-5312e2a3b58a', '7c9c6893-7402-48df-9c68-937402f8df02', '2025-04-04 17:45:00', '2025-04-04 18:00:00', 10),('d4fd6df8-da93-5f81-9477-74b23343ef08', '7c9c6893-7402-48df-9c68-937402f8df02', '2025-04-01 15:15:00', '2025-04-01 15:30:00', 10),('d55edf8e-e23a-523d-9a8f-98cf52fa28eb', '45e11ba5-9136-48aa-a11b-a59136b8aa38', '2025-03-31 15:30:00', '2025-03-31 15:45:00', 10),('d64263be-7f3f-512a-827e-58adb7842622', '45e11ba5-9136-48aa-a11b-a59136b8aa38', '2025-04-01 19:15:00', '2025-04-01 19:30:00', 10),('d838efed-4d27-56e2-a4ea-0f3e83a39ecb', '1a945660-cef6-4e73-9456-60cef62e734f', '2025-04-04 19:30:00', '2025-04-04 19:45:00', 10),('d864f43f-cdaf-5f26-ac83-43a0c9cf5f52', '7c9c6893-7402-48df-9c68-937402f8df02', '2025-04-01 18:00:00', '2025-04-01 18:15:00', 10),('d8d99dcf-0d6e-5fcb-9e7c-6d48e75b2008', '1a945660-cef6-4e73-9456-60cef62e734f', '2025-04-02 14:45:00', '2025-04-02 15:00:00', 10),('dbb6325b-f160-5c4c-82d3-ce7cf769f3bd', '1a945660-cef6-4e73-9456-60cef62e734f', '2025-04-01 14:00:00', '2025-04-01 14:15:00', 10),('dc0e4d93-9290-503c-ac40-08e553903d63', '1a945660-cef6-4e73-9456-60cef62e734f', '2025-04-04 17:15:00', '2025-04-04 17:30:00', 10),('dcb16d6f-5822-534b-bc69-39a7bba92c1a', '7c9c6893-7402-48df-9c68-937402f8df02', '2025-04-01 17:00:00', '2025-04-01 17:15:00', 10),('dcfafb51-70ff-5442-ba9b-9b4eb5b3673e', '7c9c6893-7402-48df-9c68-937402f8df02', '2025-03-31 17:45:00', '2025-03-31 18:00:00', 10),('de7d6bda-cd2b-5c9c-a3d4-0b3619bf3d70', '45e11ba5-9136-48aa-a11b-a59136b8aa38', '2025-03-31 17:30:00', '2025-03-31 17:45:00', 10),('e051acf1-f238-59bf-92da-f7e1aa5798ae', '1a945660-cef6-4e73-9456-60cef62e734f', '2025-03-31 14:30:00', '2025-03-31 14:45:00', 10),('e0a6bad5-6b75-5650-a080-e141e58b88cf', '45e11ba5-9136-48aa-a11b-a59136b8aa38', '2025-04-01 14:30:00', '2025-04-01 14:45:00', 10),('e0d55226-4490-5e35-8db1-b007caed69b2', '7c9c6893-7402-48df-9c68-937402f8df02', '2025-04-02 15:30:00', '2025-04-02 15:45:00', 10),('e0d566d7-ca3e-54f6-a282-f05f41ce4148', '7c9c6893-7402-48df-9c68-937402f8df02', '2025-04-02 19:00:00', '2025-04-02 19:15:00', 10),('e10c5542-ac60-5760-b1cd-f228cf2c531b', '45e11ba5-9136-48aa-a11b-a59136b8aa38', '2025-04-02 16:15:00', '2025-04-02 16:30:00', 10),('e13b59d0-38b3-5ada-8a66-601060391a79', '7c9c6893-7402-48df-9c68-937402f8df02', '2025-04-01 16:00:00', '2025-04-01 16:15:00', 10),('e1e8cb18-7a91-5f4d-980f-8da23117e776', '7c9c6893-7402-48df-9c68-937402f8df02', '2025-04-02 16:15:00', '2025-04-02 16:30:00', 10),('e2550a0a-4bf0-5a8c-8588-669d9fad1c80', '45e11ba5-9136-48aa-a11b-a59136b8aa38', '2025-04-03 16:00:00', '2025-04-03 16:15:00', 10),('e4956bec-a38a-59d1-8440-10c9f9f5c825', '7c9c6893-7402-48df-9c68-937402f8df02', '2025-04-02 15:45:00', '2025-04-02 16:00:00', 10),('e4e810c8-e5ed-5129-8889-36328b65fa7d', '7c9c6893-7402-48df-9c68-937402f8df02', '2025-04-04 14:00:00', '2025-04-04 14:15:00', 10),('e54c0191-5099-5c1b-9c54-d281e64b16cc', '45e11ba5-9136-48aa-a11b-a59136b8aa38', '2025-04-02 19:30:00', '2025-04-02 19:45:00', 10),('e58d14d7-340b-5c1f-bf6f-31d1d6965712', '1a945660-cef6-4e73-9456-60cef62e734f', '2025-04-02 15:30:00', '2025-04-02 15:45:00', 10),('e71d7577-d99c-5425-aa7f-6882fa47c094', '7c9c6893-7402-48df-9c68-937402f8df02', '2025-04-01 16:45:00', '2025-04-01 17:00:00', 10),('e932d51d-2d45-5867-a6c6-0f359b9fa9a6', '45e11ba5-9136-48aa-a11b-a59136b8aa38', '2025-03-31 17:00:00', '2025-03-31 17:15:00', 10),('ea2142db-4c2b-5536-a5f2-1bd2c0cfec1d', '7c9c6893-7402-48df-9c68-937402f8df02', '2025-04-01 14:15:00', '2025-04-01 14:30:00', 10),('ea401a9d-0c42-567c-9939-1775ddf5d73c', '1a945660-cef6-4e73-9456-60cef62e734f', '2025-04-04 19:45:00', '2025-04-04 20:00:00', 10),('ea958e65-4d45-5092-b5c8-c394f41759d0', '1a945660-cef6-4e73-9456-60cef62e734f', '2025-04-01 17:30:00', '2025-04-01 17:45:00', 10),('eb1f9c21-db28-5222-9cc4-0d788e94eef3', '1a945660-cef6-4e73-9456-60cef62e734f', '2025-04-02 18:00:00', '2025-04-02 18:15:00', 10),('ed1aebcc-b2b0-591c-8ce7-9831b70bb165', '7c9c6893-7402-48df-9c68-937402f8df02', '2025-03-31 16:30:00', '2025-03-31 16:45:00', 10),('ed4ebef6-4dca-5801-ade7-dc46acbadb39', '7c9c6893-7402-48df-9c68-937402f8df02', '2025-04-03 17:30:00', '2025-04-03 17:45:00', 10),('ede85068-cbe5-555d-b9f7-5557708b232b', '45e11ba5-9136-48aa-a11b-a59136b8aa38', '2025-04-04 19:30:00', '2025-04-04 19:45:00', 10),('ee052ac3-8dbb-5c3f-884a-caedfc51fc46', '1a945660-cef6-4e73-9456-60cef62e734f', '2025-03-31 17:45:00', '2025-03-31 18:00:00', 10),('ee25b458-9c67-55ba-bd07-7be86a314469', '1a945660-cef6-4e73-9456-60cef62e734f', '2025-04-01 17:00:00', '2025-04-01 17:15:00', 10),('ee6abc63-8559-5086-a4b8-824cc142483b', '7c9c6893-7402-48df-9c68-937402f8df02', '2025-03-31 14:45:00', '2025-03-31 15:00:00', 10),('eeaf0ffe-a44b-5699-a6a0-eec9d9db1ee4', '7c9c6893-7402-48df-9c68-937402f8df02', '2025-03-31 16:00:00', '2025-03-31 16:15:00', 10),('ef17786f-dc55-54b8-9bc4-3d14b4843f1b', '45e11ba5-9136-48aa-a11b-a59136b8aa38', '2025-04-01 19:00:00', '2025-04-01 19:15:00', 10),('f06c6d5d-6ab3-5704-933b-16fcef18c278', '1a945660-cef6-4e73-9456-60cef62e734f', '2025-04-03 19:45:00', '2025-04-03 20:00:00', 10),('f0a145c7-3752-5457-be04-6ca24e7e7da0', '7c9c6893-7402-48df-9c68-937402f8df02', '2025-04-03 16:00:00', '2025-04-03 16:15:00', 10),('f1467eb9-b4f5-50be-b8fa-d4b46382e3c1', '7c9c6893-7402-48df-9c68-937402f8df02', '2025-04-01 19:15:00', '2025-04-01 19:30:00', 10),('f153930a-32b6-5a9a-8ec9-43bb0b43d502', '1a945660-cef6-4e73-9456-60cef62e734f', '2025-04-04 15:00:00', '2025-04-04 15:15:00', 10),('f171c504-dfd1-5c30-aaea-f57d7748fdec', '45e11ba5-9136-48aa-a11b-a59136b8aa38', '2025-04-02 15:00:00', '2025-04-02 15:15:00', 10),('f1a220d5-6f80-5057-8dda-9ec28b0e1b6f', '7c9c6893-7402-48df-9c68-937402f8df02', '2025-03-31 19:45:00', '2025-03-31 20:00:00', 10),('f1fe1eee-9cc7-544e-b7c4-ebc43d92cb8b', '7c9c6893-7402-48df-9c68-937402f8df02', '2025-04-04 16:30:00', '2025-04-04 16:45:00', 10),('f22f8c7a-8586-568c-8f94-654de3de02e7', '7c9c6893-7402-48df-9c68-937402f8df02', '2025-04-01 14:45:00', '2025-04-01 15:00:00', 10),('f232a948-a058-5186-ac2f-b142bb95244f', '1a945660-cef6-4e73-9456-60cef62e734f', '2025-04-04 19:00:00', '2025-04-04 19:15:00', 10),('f23469f3-b26b-55a0-9af0-63e86230ea8f', '7c9c6893-7402-48df-9c68-937402f8df02', '2025-03-31 14:30:00', '2025-03-31 14:45:00', 10),('f2a3e087-ac6a-50a2-b694-5e55272cd577', '1a945660-cef6-4e73-9456-60cef62e734f', '2025-04-01 18:30:00', '2025-04-01 18:45:00', 10),('f30da738-cf59-5e54-8e11-c7324aad9cfe', '45e11ba5-9136-48aa-a11b-a59136b8aa38', '2025-04-02 19:00:00', '2025-04-02 19:15:00', 10),('f347c602-0f9c-55e0-9f92-42b92e865a8a', '7c9c6893-7402-48df-9c68-937402f8df02', '2025-04-04 16:45:00', '2025-04-04 17:00:00', 10),('f512fcb9-a7da-5be1-8026-6a2fa835476d', '45e11ba5-9136-48aa-a11b-a59136b8aa38', '2025-04-03 18:00:00', '2025-04-03 18:15:00', 10),('f5e5406d-50c5-55f3-8eb1-57f118f40d8e', '7c9c6893-7402-48df-9c68-937402f8df02', '2025-03-31 15:45:00', '2025-03-31 16:00:00', 10),('f6a6cb38-c0e8-5e76-8a27-7bf4c9f34c0f', '7c9c6893-7402-48df-9c68-937402f8df02', '2025-03-31 18:15:00', '2025-03-31 18:30:00', 10),('f6dc4bab-0c00-5c98-beda-60dff11d5837', '7c9c6893-7402-48df-9c68-937402f8df02', '2025-04-01 17:15:00', '2025-04-01 17:30:00', 10),('f78ea2ad-5d08-5cd8-ac83-4cb4b765ce43', '7c9c6893-7402-48df-9c68-937402f8df02', '2025-03-31 17:00:00', '2025-03-31 17:15:00', 10),('f83b090e-cd0f-5451-af79-1d7a736fcb7c', '7c9c6893-7402-48df-9c68-937402f8df02', '2025-04-03 18:00:00', '2025-04-03 18:15:00', 10),('f8437add-c3d8-5380-b021-ea216ab4d3ee', '1a945660-cef6-4e73-9456-60cef62e734f', '2025-04-03 18:30:00', '2025-04-03 18:45:00', 10),('f86e2e47-4868-5dc2-a9bb-c74dfa0f663a', '1a945660-cef6-4e73-9456-60cef62e734f', '2025-04-03 15:30:00', '2025-04-03 15:45:00', 10),('fad6e89c-9a5e-5a4b-b5a6-4abd3ad8fbe1', '45e11ba5-9136-48aa-a11b-a59136b8aa38', '2025-04-02 15:30:00', '2025-04-02 15:45:00', 10),('faed49e5-5c0f-5e7e-ae6a-f2e99447f637', '7c9c6893-7402-48df-9c68-937402f8df02', '2025-04-02 15:00:00', '2025-04-02 15:15:00', 10),('fb0d4510-af04-5da8-9b84-675c746c6fe6', '7c9c6893-7402-48df-9c68-937402f8df02', '2025-04-04 14:30:00', '2025-04-04 14:45:00', 10),('fba8d399-618f-57dd-a828-e88f91f37c66', '45e11ba5-9136-48aa-a11b-a59136b8aa38', '2025-04-04 17:45:00', '2025-04-04 18:00:00', 10),('fcd90274-d4bb-5dee-8833-e2355b1c9855', '1a945660-cef6-4e73-9456-60cef62e734f', '2025-04-02 14:00:00', '2025-04-02 14:15:00', 10),('fd3ffb49-7b0e-5d6b-9128-95fd489d9a4d', '7c9c6893-7402-48df-9c68-937402f8df02', '2025-04-04 15:30:00', '2025-04-04 15:45:00', 10),('fd996136-a259-5737-a78d-cad6280a02ef', '45e11ba5-9136-48aa-a11b-a59136b8aa38', '2025-04-04 18:30:00', '2025-04-04 18:45:00', 10);
